geo,Number in 1000 persons,year,Sex
Austria,1570.0,1995,Females
Austria,1555.1,1996,Females
Austria,1557.1,1997,Females
Austria,1574.3,1998,Females
Austria,1600.4,1999,Females
Austria,1608.7,2000,Females
Austria,1619.9,2001,Females
Austria,1645.0,2002,Females
Austria,1671.6,2003,Females
Austria,1631.1,2004,Females
Austria,1689.2,2005,Females
Austria,1724.9,2006,Females
Austria,1763.3,2007,Females
Austria,1806.7,2008,Females
Austria,1822.1,2009,Females
Austria,1840.4,2010,Females
Austria,1862.3,2011,Females
Austria,1884.6,2012,Females
Austria,1896.6,2013,Females
Austria,1908.1,2014,Females
Austria,1923.0,2015,Females
Austria,1955.6,2016,Females
Austria,1976.7,2017,Females
Austria,1993.2,2018,Females
Austria,2013.6,2019,Females
Austria,1993.4,2020,Females
Austria,1988.4,2021,Females
Austria,2058.1,2022,Females
Austria,2079.2,2023,Females
Austria,2092.1,2024,Females
Bosnia and Herzegovina,418.4,2021,Females
Bosnia and Herzegovina,423.1,2022,Females
Bosnia and Herzegovina,441.8,2023,Females
Bosnia and Herzegovina,456.9,2024,Females
Belgium,1509.8,1995,Females
Belgium,1514.3,1996,Females
Belgium,1555.2,1997,Females
Belgium,1581.1,1998,Females
Belgium,1672.7,1999,Females
Belgium,1730.6,2000,Females
Belgium,1693.7,2001,Females
Belgium,1714.5,2002,Females
Belgium,1731.4,2003,Females
Belgium,1792.8,2004,Females
Belgium,1838.0,2005,Females
Belgium,1861.8,2006,Females
Belgium,1927.0,2007,Females
Belgium,1974.9,2008,Females
Belgium,1983.8,2009,Females
Belgium,2018.0,2010,Females
Belgium,2035.9,2011,Females
Belgium,2045.7,2012,Females
Belgium,2064.8,2013,Females
Belgium,2094.9,2014,Females
Belgium,2102.4,2015,Females
Belgium,2107.5,2016,Females
Belgium,2126.1,2017,Females
Belgium,2204.2,2018,Females
Belgium,2244.8,2019,Females
Belgium,2225.2,2020,Females
Belgium,2259.0,2021,Females
Belgium,2330.5,2022,Females
Belgium,2346.6,2023,Females
Belgium,2353.5,2024,Females
Bulgaria,1327.8,2000,Females
Bulgaria,1304.1,2001,Females
Bulgaria,1318.4,2002,Females
Bulgaria,1332.7,2003,Females
Bulgaria,1379.9,2004,Females
Bulgaria,1378.4,2005,Females
Bulgaria,1445.6,2006,Females
Bulgaria,1508.2,2007,Females
Bulgaria,1550.8,2008,Females
Bulgaria,1506.1,2009,Females
Bulgaria,1423.4,2010,Females
Bulgaria,1386.4,2011,Females
Bulgaria,1377.7,2012,Females
Bulgaria,1371.5,2013,Females
Bulgaria,1384.1,2014,Females
Bulgaria,1401.8,2015,Females
Bulgaria,1385.0,2016,Females
Bulgaria,1434.8,2017,Females
Bulgaria,1432.2,2018,Females
Bulgaria,1380.4,2019,Females
Bulgaria,1324.1,2020,Females
Bulgaria,1304.1,2021,Females
Bulgaria,1337.5,2022,Females
Bulgaria,1331.9,2023,Females
Bulgaria,1330.4,2024,Females
Switzerland,1601.0,1996,Females
Switzerland,1612.3,1997,Females
Switzerland,1645.2,1998,Females
Switzerland,1665.1,1999,Females
Switzerland,1666.8,2000,Females
Switzerland,1709.7,2001,Females
Switzerland,1748.7,2002,Females
Switzerland,1747.0,2003,Females
Switzerland,1752.2,2004,Females
Switzerland,1769.1,2005,Females
Switzerland,1799.6,2006,Females
Switzerland,1822.7,2007,Females
Switzerland,1892.8,2008,Females
Switzerland,1914.5,2009,Females
Switzerland,1871.6,2010,Females
Switzerland,1916.5,2011,Females
Switzerland,1944.7,2012,Females
Switzerland,1966.0,2013,Females
Switzerland,2006.8,2014,Females
Switzerland,2041.6,2015,Females
Switzerland,2074.6,2016,Females
Switzerland,2078.7,2017,Females
Switzerland,2099.4,2018,Females
Switzerland,2125.8,2019,Females
Switzerland,2123.3,2020,Females
Switzerland,2130.3,2021,Females
Switzerland,2151.2,2022,Females
Switzerland,2186.0,2023,Females
Switzerland,2205.9,2024,Females
Cyprus,112.1,1999,Females
Cyprus,120.2,2000,Females
Cyprus,131.4,2001,Females
Cyprus,136.9,2002,Females
Cyprus,143.5,2003,Females
Cyprus,145.0,2004,Females
Cyprus,148.4,2005,Females
Cyprus,154.8,2006,Females
Cyprus,166.3,2007,Females
Cyprus,168.3,2008,Females
Cyprus,174.9,2009,Females
Cyprus,183.1,2010,Females
Cyprus,186.1,2011,Females
Cyprus,180.8,2012,Females
Cyprus,172.6,2013,Females
Cyprus,175.5,2014,Females
Cyprus,172.1,2015,Females
Cyprus,171.7,2016,Females
Cyprus,179.3,2017,Females
Cyprus,188.3,2018,Females
Cyprus,196.2,2019,Females
Cyprus,196.7,2020,Females
Cyprus,205.5,2021,Females
Cyprus,217.6,2022,Females
Cyprus,227.5,2023,Females
Cyprus,229.3,2024,Females
Czechia,2130.6,1997,Females
Czechia,2092.9,1998,Females
Czechia,2045.4,1999,Females
Czechia,2032.0,2000,Females
Czechia,2034.8,2001,Females
Czechia,2047.8,2002,Females
Czechia,2034.5,2003,Females
Czechia,2026.6,2004,Females
Czechia,2038.9,2005,Females
Czechia,2065.0,2006,Females
Czechia,2091.5,2007,Females
Czechia,2113.7,2008,Females
Czechia,2080.6,2009,Females
Czechia,2057.1,2010,Females
Czechia,2063.5,2011,Females
Czechia,2078.6,2012,Females
Czechia,2103.8,2013,Females
Czechia,2119.9,2014,Females
Czechia,2159.1,2015,Females
Czechia,2210.3,2016,Females
Czechia,2251.0,2017,Females
Czechia,2285.2,2018,Females
Czechia,2288.1,2019,Females
Czechia,2244.9,2020,Females
Czechia,2236.5,2021,Females
Czechia,2223.5,2022,Females
Czechia,2145.0,2023,Females
Czechia,2267.0,2024,Females
Germany,14988.8,1995,Females
Germany,15106.3,1996,Females
Germany,15002.7,1997,Females
Germany,15190.8,1998,Females
Germany,15590.2,1999,Females
Germany,15788.7,2000,Females
Germany,16009.4,2001,Females
Germany,16012.9,2002,Females
Germany,15993.6,2003,Females
Germany,15792.1,2004,Females
Germany,16208.7,2005,Females
Germany,16632.6,2006,Females
Germany,17018.8,2007,Females
Germany,17271.1,2008,Females
Germany,17407.0,2009,Females
Germany,17318.0,2010,Females
Germany,17707.9,2011,Females
Germany,17808.6,2012,Females
Germany,18056.1,2013,Females
Germany,18210.0,2014,Females
Germany,18367.7,2015,Females
Germany,18789.7,2016,Females
Germany,18929.4,2017,Females
Germany,19027.9,2018,Females
Germany,19258.7,2019,Females
Germany,18881.3,2020,Females
Germany,18797.1,2021,Females
Germany,19245.3,2022,Females
Germany,19472.7,2023,Females
Germany,19562.2,2024,Females
Denmark,1157.0,1995,Females
Denmark,1171.5,1996,Females
Denmark,1206.8,1997,Females
Denmark,1223.1,1998,Females
Denmark,1241.7,1999,Females
Denmark,1258.2,2000,Females
Denmark,1244.8,2001,Females
Denmark,1270.6,2002,Females
Denmark,1236.3,2003,Females
Denmark,1266.0,2004,Females
Denmark,1270.0,2005,Females
Denmark,1297.3,2006,Females
Denmark,1298.7,2007,Females
Denmark,1292.2,2008,Females
Denmark,1270.9,2009,Females
Denmark,1247.6,2010,Females
Denmark,1233.5,2011,Females
Denmark,1226.6,2012,Females
Denmark,1224.9,2013,Females
Denmark,1224.3,2014,Females
Denmark,1240.5,2015,Females
Denmark,1267.8,2016,Females
Denmark,1284.4,2017,Females
Denmark,1303.1,2018,Females
Denmark,1320.4,2019,Females
Denmark,1309.2,2020,Females
Denmark,1330.1,2021,Females
Denmark,1377.8,2022,Females
Denmark,1383.8,2023,Females
Denmark,1395.5,2024,Females
Estonia,288.5,1997,Females
Estonia,291.3,1998,Females
Estonia,278.4,1999,Females
Estonia,283.1,2000,Females
Estonia,275.6,2001,Females
Estonia,280.9,2002,Females
Estonia,282.0,2003,Females
Estonia,291.8,2004,Females
Estonia,298.6,2005,Females
Estonia,308.7,2006,Females
Estonia,308.5,2007,Females
Estonia,308.9,2008,Females
Estonia,291.9,2009,Females
Estonia,278.9,2010,Females
Estonia,286.7,2011,Females
Estonia,291.3,2012,Females
Estonia,291.9,2013,Females
Estonia,290.8,2014,Females
Estonia,294.1,2015,Females
Estonia,293.6,2016,Females
Estonia,301.0,2017,Females
Estonia,300.9,2018,Females
Estonia,301.2,2019,Females
Estonia,294.8,2020,Females
Estonia,300.5,2021,Females
Estonia,311.9,2022,Females
Estonia,323.1,2023,Females
Estonia,325.0,2024,Females
Greece,1335.7,1995,Females
Greece,1359.0,1996,Females
Greece,1379.4,1997,Females
Greece,1432.2,1998,Females
Greece,1458.7,1999,Females
Greece,1492.8,2000,Females
Greece,1534.6,2001,Females
Greece,1578.5,2002,Females
Greece,1628.9,2003,Females
Greece,1666.4,2004,Females
Greece,1689.2,2005,Females
Greece,1743.3,2006,Females
Greece,1763.0,2007,Females
Greece,1801.0,2008,Females
Greece,1808.8,2009,Females
Greece,1764.7,2010,Females
Greece,1641.3,2011,Females
Greece,1510.1,2012,Females
Greece,1431.8,2013,Females
Greece,1462.9,2014,Females
Greece,1500.1,2015,Females
Greece,1518.5,2016,Females
Greece,1544.8,2017,Females
Greece,1562.0,2018,Females
Greece,1615.9,2019,Females
Greece,1610.7,2020,Females
Greece,1622.2,2021,Females
Greece,1709.2,2022,Females
Greece,1751.4,2023,Females
Greece,1794.6,2024,Females
Spain,4215.8,1995,Females
Spain,4384.0,1996,Females
Spain,4630.1,1997,Females
Spain,4800.7,1998,Females
Spain,5183.6,1999,Females
Spain,5628.9,2000,Females
Spain,5913.0,2001,Females
Spain,6329.3,2002,Females
Spain,6687.3,2003,Females
Spain,7053.9,2004,Females
Spain,7677.2,2005,Females
Spain,8085.1,2006,Females
Spain,8468.9,2007,Females
Spain,8608.4,2008,Females
Spain,8314.2,2009,Females
Spain,8236.2,2010,Females
Spain,8202.9,2011,Females
Spain,7956.6,2012,Females
Spain,7764.7,2013,Females
Spain,7846.8,2014,Females
Spain,8041.5,2015,Females
Spain,8272.5,2016,Females
Spain,8486.6,2017,Females
Spain,8716.7,2018,Females
Spain,8945.1,2019,Females
Spain,8669.1,2020,Females
Spain,8977.9,2021,Females
Spain,9294.7,2022,Females
Spain,9657.6,2023,Females
Spain,9896.4,2024,Females
Finland,967.3,1995,Females
Finland,980.1,1996,Females
Finland,1001.8,1997,Females
Finland,1028.2,1998,Females
Finland,1105.7,1999,Females
Finland,1118.1,2000,Females
Finland,1142.9,2001,Females
Finland,1156.6,2002,Females
Finland,1155.0,2003,Females
Finland,1142.4,2004,Females
Finland,1149.8,2005,Females
Finland,1166.9,2006,Females
Finland,1191.1,2007,Females
Finland,1205.8,2008,Females
Finland,1190.5,2009,Females
Finland,1176.0,2010,Females
Finland,1179.3,2011,Females
Finland,1186.8,2012,Females
Finland,1175.5,2013,Females
Finland,1171.0,2014,Females
Finland,1161.8,2015,Females
Finland,1154.4,2016,Females
Finland,1164.6,2017,Females
Finland,1194.7,2018,Females
Finland,1209.3,2019,Females
Finland,1187.3,2020,Females
Finland,1198.4,2021,Females
Finland,1234.7,2022,Females
Finland,1245.7,2023,Females
Finland,1227.4,2024,Females
France,9682.5,1995,Females
France,9764.7,1996,Females
France,9755.0,1997,Females
France,9925.5,1998,Females
France,10067.1,1999,Females
France,10363.8,2000,Females
France,10597.4,2001,Females
France,10782.4,2002,Females
France,11335.3,2003,Females
France,11284.3,2004,Females
France,11579.7,2005,Females
France,11713.4,2006,Females
France,11991.5,2007,Females
France,12180.7,2008,Females
France,12138.8,2009,Females
France,12153.9,2010,Females
France,12149.4,2011,Females
France,12198.9,2012,Females
France,12252.3,2013,Females
France,12607.2,2014,Females
France,12662.5,2015,Females
France,12707.2,2016,Females
France,12755.2,2017,Females
France,12891.9,2018,Females
France,12992.1,2019,Females
France,12929.7,2020,Females
France,13363.2,2021,Females
France,13644.9,2022,Females
France,13752.6,2023,Females
France,13872.7,2024,Females
Croatia,652.6,2002,Females
Croatia,653.8,2003,Females
Croatia,673.4,2004,Females
Croatia,676.2,2005,Females
Croatia,687.3,2006,Females
Croatia,743.2,2007,Females
Croatia,758.6,2008,Females
Croatia,771.7,2009,Females
Croatia,749.4,2010,Females
Croatia,711.3,2011,Females
Croatia,690.9,2012,Females
Croatia,685.9,2013,Females
Croatia,698.0,2014,Females
Croatia,709.5,2015,Females
Croatia,709.1,2016,Females
Croatia,716.2,2017,Females
Croatia,722.9,2018,Females
Croatia,726.3,2019,Females
Croatia,713.0,2020,Females
Croatia,725.6,2021,Females
Croatia,737.0,2022,Females
Croatia,747.6,2023,Females
Croatia,782.9,2024,Females
Hungary,1586.1,1996,Females
Hungary,1572.9,1997,Females
Hungary,1628.2,1998,Females
Hungary,1694.9,1999,Females
Hungary,1704.6,2000,Females
Hungary,1740.8,2001,Females
Hungary,1748.9,2002,Females
Hungary,1783.3,2003,Females
Hungary,1766.6,2004,Females
Hungary,1777.4,2005,Females
Hungary,1780.8,2006,Females
Hungary,1760.6,2007,Females
Hungary,1742.2,2008,Females
Hungary,1710.8,2009,Females
Hungary,1726.3,2010,Females
Hungary,1723.4,2011,Females
Hungary,1764.1,2012,Females
Hungary,1775.5,2013,Females
Hungary,1867.2,2014,Females
Hungary,1911.5,2015,Females
Hungary,1972.0,2016,Females
Hungary,1983.7,2017,Females
Hungary,1982.6,2018,Females
Hungary,1980.5,2019,Females
Hungary,1938.2,2020,Females
Hungary,2094.1,2021,Females
Hungary,2130.6,2022,Females
Hungary,2140.0,2023,Females
Hungary,2154.7,2024,Females
Ireland,468.1,1995,Females
Ireland,495.1,1996,Females
Ireland,528.7,1997,Females
Ireland,586.2,1998,Females
Ireland,634.5,1999,Females
Ireland,671.8,2000,Females
Ireland,695.7,2001,Females
Ireland,728.8,2002,Females
Ireland,744.3,2003,Females
Ireland,763.4,2004,Females
Ireland,819.9,2005,Females
Ireland,855.2,2006,Females
Ireland,945.0,2007,Females
Ireland,955.2,2008,Females
Ireland,912.4,2009,Females
Ireland,880.7,2010,Females
Ireland,865.6,2011,Females
Ireland,863.8,2012,Females
Ireland,877.9,2013,Females
Ireland,895.1,2014,Females
Ireland,922.6,2015,Females
Ireland,958.8,2016,Females
Ireland,988.2,2017,Females
Ireland,1012.9,2018,Females
Ireland,1042.2,2019,Females
Ireland,1024.0,2020,Females
Ireland,1099.0,2021,Females
Ireland,1176.2,2022,Females
Ireland,1228.3,2023,Females
Ireland,1263.2,2024,Females
Iceland,62.7,1995,Females
Iceland,62.3,1996,Females
Iceland,61.5,1997,Females
Iceland,64.1,1998,Females
Iceland,67.3,1999,Females
Iceland,71.2,2000,Females
Iceland,71.1,2001,Females
Iceland,71.2,2002,Females
Iceland,71.6,2003,Females
Iceland,71.5,2004,Females
Iceland,72.8,2005,Females
Iceland,74.7,2006,Females
Iceland,77.1,2007,Females
Iceland,77.9,2008,Females
Iceland,76.0,2009,Females
Iceland,76.5,2010,Females
Iceland,77.0,2011,Females
Iceland,77.6,2012,Females
Iceland,79.5,2013,Females
Iceland,81.6,2014,Females
Iceland,83.8,2015,Females
Iceland,85.3,2016,Females
Iceland,86.4,2017,Females
Iceland,87.7,2018,Females
Iceland,89.4,2019,Females
Iceland,86.2,2020,Females
Iceland,86.0,2021,Females
Iceland,93.0,2022,Females
Iceland,95.9,2023,Females
Iceland,99.2,2024,Females
Italy,6937.4,1995,Females
Italy,7036.9,1996,Females
Italy,7109.6,1997,Females
Italy,7223.1,1998,Females
Italy,7401.9,1999,Females
Italy,7627.8,2000,Females
Italy,7929.2,2001,Females
Italy,8120.7,2002,Females
Italy,8302.2,2003,Females
Italy,8725.7,2004,Females
Italy,8736.5,2005,Females
Italy,8925.5,2006,Females
Italy,9001.9,2007,Females
Italy,9185.6,2008,Females
Italy,9072.0,2009,Females
Italy,9063.5,2010,Females
Italy,9165.4,2011,Females
Italy,9276.4,2012,Females
Italy,9171.4,2013,Females
Italy,9219.6,2014,Females
Italy,9254.8,2015,Females
Italy,9388.4,2016,Females
Italy,9509.5,2017,Females
Italy,9492.7,2018,Females
Italy,9565.9,2019,Females
Italy,9281.3,2020,Females
Italy,9290.4,2021,Females
Italy,9528.1,2022,Females
Italy,9740.2,2023,Females
Italy,9895.3,2024,Females
Lithuania,705.7,1998,Females
Lithuania,723.2,1999,Females
Lithuania,700.7,2000,Females
Lithuania,684.8,2001,Females
Lithuania,685.7,2002,Females
Lithuania,717.5,2003,Females
Lithuania,687.1,2004,Females
Lithuania,693.6,2005,Females
Lithuania,697.6,2006,Females
Lithuania,703.2,2007,Females
Lithuania,694.1,2008,Females
Lithuania,673.6,2009,Females
Lithuania,645.6,2010,Females
Lithuania,635.6,2011,Females
Lithuania,641.9,2012,Females
Lithuania,644.2,2013,Females
Lithuania,656.3,2014,Females
Lithuania,663.3,2015,Females
Lithuania,674.4,2016,Females
Lithuania,669.5,2017,Females
Lithuania,669.3,2018,Females
Lithuania,668.6,2019,Females
Lithuania,647.7,2020,Females
Lithuania,649.8,2021,Females
Lithuania,690.5,2022,Females
Lithuania,682.9,2023,Females
Lithuania,679.4,2024,Females
Luxembourg,57.1,1995,Females
Luxembourg,59.9,1996,Females
Luxembourg,62.9,1997,Females
Luxembourg,63.7,1998,Females
Luxembourg,68.5,1999,Females
Luxembourg,70.8,2000,Females
Luxembourg,73.9,2001,Females
Luxembourg,75.2,2002,Females
Luxembourg,75.6,2003,Females
Luxembourg,77.2,2004,Females
Luxembourg,80.9,2005,Females
Luxembourg,84.2,2006,Females
Luxembourg,89.1,2007,Females
Luxembourg,86.6,2008,Females
Luxembourg,92.6,2009,Females
Luxembourg,95.1,2010,Females
Luxembourg,96.7,2011,Females
Luxembourg,103.4,2012,Females
Luxembourg,104.5,2013,Females
Luxembourg,108.8,2014,Females
Luxembourg,115.4,2015,Females
Luxembourg,117.4,2016,Females
Luxembourg,125.3,2017,Females
Luxembourg,129.2,2018,Females
Luxembourg,132.0,2019,Females
Luxembourg,135.3,2020,Females
Luxembourg,141.2,2021,Females
Luxembourg,144.6,2022,Females
Luxembourg,148.0,2023,Females
Luxembourg,151.4,2024,Females
Latvia,464.8,1998,Females
Latvia,449.6,1999,Females
Latvia,444.8,2000,Females
Latvia,453.4,2001,Females
Latvia,460.8,2002,Females
Latvia,460.9,2003,Females
Latvia,450.1,2004,Females
Latvia,462.4,2005,Females
Latvia,485.6,2006,Females
Latvia,496.7,2007,Females
Latvia,501.2,2008,Females
Latvia,456.3,2009,Females
Latvia,435.5,2010,Females
Latvia,433.6,2011,Females
Latvia,434.6,2012,Females
Latvia,438.3,2013,Females
Latvia,431.6,2014,Females
Latvia,436.9,2015,Females
Latvia,437.1,2016,Females
Latvia,433.8,2017,Females
Latvia,438.8,2018,Females
Latvia,436.4,2019,Females
Latvia,427.1,2020,Females
Latvia,408.2,2021,Females
Latvia,422.8,2022,Females
Latvia,417.8,2023,Females
Latvia,413.0,2024,Females
Montenegro,84.8,2011,Females
Montenegro,88.3,2012,Females
Montenegro,90.5,2013,Females
Montenegro,95.8,2014,Females
Montenegro,99.0,2015,Females
Montenegro,98.6,2016,Females
Montenegro,98.6,2017,Females
Montenegro,102.2,2018,Females
Montenegro,105.0,2019,Females
Montenegro,93.9,2020,Females
North Macedonia,216.0,2006,Females
North Macedonia,228.7,2007,Females
North Macedonia,233.2,2008,Females
North Macedonia,238.3,2009,Females
North Macedonia,243.2,2010,Females
North Macedonia,253.6,2011,Females
North Macedonia,254.8,2012,Females
North Macedonia,268.7,2013,Females
North Macedonia,269.1,2014,Females
North Macedonia,278.7,2015,Females
North Macedonia,280.6,2016,Females
North Macedonia,287.8,2017,Females
North Macedonia,296.8,2018,Females
North Macedonia,316.6,2019,Females
North Macedonia,319.9,2020,Females
Malta,43.4,2000,Females
Malta,43.5,2001,Females
Malta,46.1,2002,Females
Malta,44.9,2003,Females
Malta,43.0,2004,Females
Malta,45.7,2005,Females
Malta,46.4,2006,Females
Malta,50.0,2007,Females
Malta,52.7,2008,Females
Malta,53.5,2009,Females
Malta,55.5,2010,Females
Malta,58.2,2011,Females
Malta,63.7,2012,Females
Malta,68.9,2013,Females
Malta,73.7,2014,Females
Malta,76.4,2015,Females
Malta,81.4,2016,Females
Malta,87.4,2017,Females
Malta,95.1,2018,Females
Malta,98.8,2019,Females
Malta,102.9,2020,Females
Malta,107.1,2021,Females
Malta,116.2,2022,Females
Malta,121.5,2023,Females
Malta,127.7,2024,Females
Netherlands,2747.3,1995,Females
Netherlands,2836.1,1996,Females
Netherlands,2957.7,1997,Females
Netherlands,3074.0,1998,Females
Netherlands,3217.9,1999,Females
Netherlands,3351.0,2000,Females
Netherlands,3476.4,2001,Females
Netherlands,3536.4,2002,Females
Netherlands,3556.6,2003,Females
Netherlands,3559.1,2004,Females
Netherlands,3418.4,2005,Females
Netherlands,3491.4,2006,Females
Netherlands,3619.8,2007,Females
Netherlands,3723.1,2008,Females
Netherlands,3749.7,2009,Females
Netherlands,3746.0,2010,Females
Netherlands,3775.3,2011,Females
Netherlands,3798.8,2012,Females
Netherlands,3779.5,2013,Females
Netherlands,3723.9,2014,Females
Netherlands,3779.1,2015,Females
Netherlands,3840.5,2016,Females
Netherlands,3927.3,2017,Females
Netherlands,4019.5,2018,Females
Netherlands,4104.3,2019,Females
Netherlands,4106.6,2020,Females
Netherlands,4271.0,2021,Females
Netherlands,4393.0,2022,Females
Netherlands,4475.8,2023,Females
Netherlands,4494.4,2024,Females
Norway,935.8,1995,Females
Norway,964.8,1996,Females
Norway,992.7,1997,Females
Norway,1030.6,1998,Females
Norway,1041.2,1999,Females
Norway,1049.6,2000,Females
Norway,1054.2,2001,Females
Norway,1067.6,2002,Females
Norway,1055.0,2003,Females
Norway,1062.9,2004,Females
Norway,1061.5,2005,Females
Norway,1092.6,2006,Females
Norway,1131.8,2007,Females
Norway,1167.1,2008,Females
Norway,1164.9,2009,Females
Norway,1159.2,2010,Females
Norway,1174.1,2011,Females
Norway,1191.0,2012,Females
Norway,1198.4,2013,Females
Norway,1208.8,2014,Females
Norway,1210.3,2015,Females
Norway,1217.1,2016,Females
Norway,1216.5,2017,Females
Norway,1226.0,2018,Females
Norway,1239.5,2019,Females
Norway,1237.2,2020,Females
Norway,1265.5,2021,Females
Norway,1294.9,2022,Females
Norway,1312.4,2023,Females
Norway,1320.0,2024,Females
Poland,6516.9,1997,Females
Poland,6653.7,1998,Females
Poland,6597.5,1999,Females
Poland,6395.4,2000,Females
Poland,6332.1,2001,Females
Poland,6168.8,2002,Females
Poland,6112.9,2003,Females
Poland,6077.6,2004,Females
Poland,6191.1,2005,Females
Poland,6411.1,2006,Females
Poland,6738.3,2007,Females
Poland,6984.4,2008,Females
Poland,7051.9,2009,Females
Poland,6814.9,2010,Females
Poland,6816.7,2011,Females
Poland,6842.4,2012,Females
Poland,6827.7,2013,Females
Poland,6984.2,2014,Females
Poland,7121.3,2015,Females
Poland,7164.7,2016,Females
Poland,7236.7,2017,Females
Poland,7280.9,2018,Females
Poland,7411.5,2019,Females
Poland,7404.2,2020,Females
Poland,7593.0,2021,Females
Poland,7690.6,2022,Females
Poland,7775.5,2023,Females
Poland,7743.1,2024,Females
Portugal,1893.7,1995,Females
Portugal,1887.9,1996,Females
Portugal,1929.9,1997,Females
Portugal,2048.8,1998,Females
Portugal,2095.8,1999,Females
Portugal,2136.7,2000,Females
Portugal,2172.7,2001,Females
Portugal,2198.5,2002,Females
Portugal,2194.7,2003,Females
Portugal,2198.0,2004,Females
Portugal,2201.2,2005,Females
Portugal,2212.8,2006,Females
Portugal,2216.8,2007,Females
Portugal,2243.3,2008,Females
Portugal,2209.0,2009,Females
Portugal,2186.8,2010,Females
Portugal,2145.0,2011,Females
Portugal,2075.8,2012,Females
Portugal,2039.1,2013,Females
Portugal,2088.1,2014,Females
Portugal,2127.6,2015,Females
Portugal,2162.6,2016,Females
Portugal,2228.5,2017,Females
Portugal,2289.0,2018,Females
Portugal,2304.9,2019,Females
Portugal,2258.8,2020,Females
Portugal,2277.5,2021,Females
Portugal,2341.9,2022,Females
Portugal,2394.6,2023,Females
Portugal,2419.3,2024,Females
Romania,4704.9,1997,Females
Romania,4633.2,1998,Females
Romania,4608.7,1999,Females
Romania,4553.4,2000,Females
Romania,4495.8,2001,Females
Romania,4093.6,2002,Females
Romania,3980.2,2003,Females
Romania,4031.4,2004,Females
Romania,3891.4,2005,Females
Romania,4002.6,2006,Females
Romania,3980.0,2007,Females
Romania,3957.6,2008,Females
Romania,3915.2,2009,Females
Romania,3618.1,2010,Females
Romania,3584.4,2011,Females
Romania,3599.8,2012,Females
Romania,3558.1,2013,Females
Romania,3577.3,2014,Females
Romania,3530.6,2015,Females
Romania,3498.6,2016,Females
Romania,3619.5,2017,Females
Romania,3590.2,2018,Females
Romania,3582.3,2019,Females
Romania,3504.3,2020,Females
Romania,3201.4,2021,Females
Romania,3282.1,2022,Females
Romania,3252.9,2023,Females
Romania,3329.5,2024,Females
Serbia,972.1,2010,Females
Serbia,911.6,2011,Females
Serbia,896.6,2012,Females
Serbia,929.9,2013,Females
Serbia,1057.7,2014,Females
Serbia,1069.9,2015,Females
Serbia,1135.7,2016,Females
Serbia,1176.3,2017,Females
Serbia,1189.7,2018,Females
Serbia,1222.7,2019,Females
Serbia,1219.0,2020,Females
Serbia,1176.5,2021,Females
Serbia,1217.6,2022,Females
Serbia,1235.5,2023,Females
Serbia,1261.9,2024,Females
Sweden,1933.4,1995,Females
Sweden,1905.1,1996,Females
Sweden,1856.7,1997,Females
Sweden,1847.5,1998,Females
Sweden,1920.6,1999,Females
Sweden,1951.3,2000,Females
Sweden,2048.8,2001,Females
Sweden,2059.2,2002,Females
Sweden,2067.0,2003,Females
Sweden,2039.6,2004,Females
Sweden,2038.6,2005,Females
Sweden,2072.1,2006,Females
Sweden,2120.5,2007,Females
Sweden,2137.1,2008,Females
Sweden,2100.8,2009,Females
Sweden,2091.6,2010,Females
Sweden,2142.9,2011,Females
Sweden,2159.7,2012,Females
Sweden,2180.9,2013,Females
Sweden,2206.6,2014,Females
Sweden,2240.1,2015,Females
Sweden,2278.2,2016,Females
Sweden,2319.2,2017,Females
Sweden,2353.9,2018,Females
Sweden,2357.3,2019,Females
Sweden,2311.0,2020,Females
Sweden,2299.6,2021,Females
Sweden,2365.9,2022,Females
Sweden,2413.6,2023,Females
Sweden,2410.9,2024,Females
Slovenia,400.2,1996,Females
Slovenia,400.0,1997,Females
Slovenia,406.2,1998,Females
Slovenia,395.7,1999,Females
Slovenia,403.1,2000,Females
Slovenia,405.4,2001,Females
Slovenia,411.8,2002,Females
Slovenia,399.6,2003,Females
Slovenia,425.1,2004,Females
Slovenia,423.0,2005,Females
Slovenia,427.1,2006,Females
Slovenia,432.4,2007,Females
Slovenia,443.4,2008,Females
Slovenia,438.6,2009,Females
Slovenia,432.1,2010,Females
Slovenia,420.3,2011,Females
Slovenia,416.3,2012,Females
Slovenia,403.8,2013,Females
Slovenia,406.6,2014,Females
Slovenia,409.9,2015,Females
Slovenia,418.6,2016,Females
Slovenia,437.3,2017,Females
Slovenia,443.1,2018,Females
Slovenia,445.8,2019,Females
Slovenia,442.2,2020,Females
Slovenia,437.4,2021,Females
Slovenia,442.9,2022,Females
Slovenia,443.9,2023,Females
Slovenia,446.6,2024,Females
Slovakia,986.2,1998,Females
Slovakia,967.2,1999,Females
Slovakia,956.7,2000,Females
Slovakia,976.4,2001,Females
Slovakia,965.0,2002,Females
Slovakia,986.7,2003,Females
Slovakia,965.8,2004,Females
Slovakia,980.0,2005,Females
Slovakia,1007.7,2006,Females
Slovakia,1031.9,2007,Females
Slovakia,1066.3,2008,Females
Slovakia,1036.2,2009,Females
Slovakia,1028.7,2010,Females
Slovakia,1018.4,2011,Females
Slovakia,1020.8,2012,Females
Slovakia,1029.4,2013,Females
Slovakia,1041.4,2014,Females
Slovakia,1067.6,2015,Females
Slovakia,1104.7,2016,Females
Slovakia,1131.9,2017,Females
Slovakia,1138.3,2018,Females
Slovakia,1149.2,2019,Females
Slovakia,1126.6,2020,Females
Slovakia,1182.2,2021,Females
Slovakia,1201.6,2022,Females
Slovakia,1204.7,2023,Females
Slovakia,1195.0,2024,Females
Türkiye,5112.4,2006,Females
Türkiye,5207.2,2007,Females
Türkiye,5441.6,2008,Females
Türkiye,5705.9,2009,Females
Türkiye,6258.4,2010,Females
Türkiye,6778.6,2011,Females
Türkiye,7117.2,2012,Females
Türkiye,7452.4,2013,Females
Türkiye,7508.4,2014,Females
Türkiye,7836.3,2015,Females
Türkiye,8117.8,2016,Females
Türkiye,8522.6,2017,Females
Türkiye,8791.0,2018,Females
Türkiye,8693.7,2019,Females
Türkiye,8108.3,2020,Females
Türkiye,8775.7,2021,Females
Türkiye,9650.8,2022,Females
Türkiye,10045.4,2023,Females
Türkiye,10485.0,2024,Females
United Kingdom,11450.5,1995,Females
United Kingdom,11645.5,1996,Females
United Kingdom,11824.0,1997,Females
United Kingdom,11910.9,1998,Females
United Kingdom,12092.1,1999,Females
United Kingdom,12285.4,2000,Females
United Kingdom,12450.6,2001,Females
United Kingdom,12576.7,2002,Females
United Kingdom,12675.3,2003,Females
United Kingdom,12821.8,2004,Females
United Kingdom,13032.2,2005,Females
United Kingdom,13170.0,2006,Females
United Kingdom,13237.2,2007,Females
United Kingdom,13380.4,2008,Females
United Kingdom,13281.1,2009,Females
United Kingdom,13262.9,2010,Females
United Kingdom,13315.3,2011,Females
United Kingdom,13417.3,2012,Females
United Kingdom,13594.7,2013,Females
United Kingdom,13897.9,2014,Females
United Kingdom,14122.7,2015,Females
United Kingdom,14326.5,2016,Females
United Kingdom,14556.1,2017,Females
United Kingdom,14721.6,2018,Females
United Kingdom,14910.4,2019,Females
Austria,2059.7,1995,Males
Austria,2022.2,1996,Males
Austria,2016.6,1997,Males
Austria,2019.1,1998,Males
Austria,2043.6,1999,Males
Austria,2039.4,2000,Males
Austria,2042.0,2001,Males
Austria,1991.1,2002,Males
Austria,2044.0,2003,Males
Austria,1948.6,2004,Males
Austria,2022.1,2005,Males
Austria,2057.6,2006,Males
Austria,2100.4,2007,Males
Austria,2121.9,2008,Males
Austria,2087.2,2009,Males
Austria,2103.5,2010,Males
Austria,2120.0,2011,Males
Austria,2128.8,2012,Males
Austria,2133.5,2013,Males
Austria,2126.2,2014,Males
Austria,2144.6,2015,Males
Austria,2187.1,2016,Males
Austria,2208.6,2017,Males
Austria,2247.9,2018,Males
Austria,2266.6,2019,Males
Austria,2230.5,2020,Males
Austria,2243.3,2021,Males
Austria,2299.1,2022,Males
Austria,2315.1,2023,Males
Austria,2303.0,2024,Males
Bosnia and Herzegovina,712.7,2021,Males
Bosnia and Herzegovina,724.1,2022,Males
Bosnia and Herzegovina,738.2,2023,Males
Bosnia and Herzegovina,752.2,2024,Males
Belgium,2259.5,1995,Males
Belgium,2253.0,1996,Males
Belgium,2263.5,1997,Males
Belgium,2260.1,1998,Males
Belgium,2282.5,1999,Males
Belgium,2362.4,2000,Males
Belgium,2322.2,2001,Males
Belgium,2316.8,2002,Males
Belgium,2295.3,2003,Males
Belgium,2328.7,2004,Males
Belgium,2361.3,2005,Males
Belgium,2371.1,2006,Males
Belgium,2421.0,2007,Males
Belgium,2438.7,2008,Males
Belgium,2405.6,2009,Males
Belgium,2432.6,2010,Males
Belgium,2434.5,2011,Males
Belgium,2433.4,2012,Males
Belgium,2419.7,2013,Males
Belgium,2402.5,2014,Males
Belgium,2396.9,2015,Males
Belgium,2433.1,2016,Males
Belgium,2461.1,2017,Males
Belgium,2495.2,2018,Males
Belgium,2525.9,2019,Males
Belgium,2515.4,2020,Males
Belgium,2535.8,2021,Males
Belgium,2590.3,2022,Males
Belgium,2607.5,2023,Males
Belgium,2627.6,2024,Males
Bulgaria,1506.4,2000,Males
Bulgaria,1419.0,2001,Males
Bulgaria,1441.9,2002,Males
Bulgaria,1486.0,2003,Males
Bulgaria,1542.1,2004,Males
Bulgaria,1568.6,2005,Males
Bulgaria,1626.1,2006,Males
Bulgaria,1700.5,2007,Males
Bulgaria,1755.5,2008,Males
Bulgaria,1698.7,2009,Males
Bulgaria,1613.6,2010,Males
Bulgaria,1541.1,2011,Males
Bulgaria,1517.2,2012,Males
Bulgaria,1518.0,2013,Males
Bulgaria,1543.3,2014,Males
Bulgaria,1571.7,2015,Males
Bulgaria,1569.3,2016,Males
Bulgaria,1638.6,2017,Males
Bulgaria,1636.6,2018,Males
Bulgaria,1565.6,2019,Males
Bulgaria,1509.3,2020,Males
Bulgaria,1481.3,2021,Males
Bulgaria,1503.2,2022,Males
Bulgaria,1489.8,2023,Males
Bulgaria,1490.4,2024,Males
Switzerland,2077.1,1996,Males
Switzerland,2056.0,1997,Males
Switzerland,2089.4,1998,Males
Switzerland,2095.4,1999,Males
Switzerland,2109.0,2000,Males
Switzerland,2127.1,2001,Males
Switzerland,2116.2,2002,Males
Switzerland,2109.6,2003,Males
Switzerland,2112.8,2004,Males
Switzerland,2118.0,2005,Males
Switzerland,2154.3,2006,Males
Switzerland,2192.8,2007,Males
Switzerland,2218.8,2008,Males
Switzerland,2225.9,2009,Males
Switzerland,2215.5,2010,Males
Switzerland,2252.7,2011,Males
Switzerland,2269.6,2012,Males
Switzerland,2279.8,2013,Males
Switzerland,2300.0,2014,Males
Switzerland,2329.1,2015,Males
Switzerland,2348.5,2016,Males
Switzerland,2375.7,2017,Males
Switzerland,2390.0,2018,Males
Switzerland,2402.1,2019,Males
Switzerland,2395.1,2020,Males
Switzerland,2393.8,2021,Males
Switzerland,2426.5,2022,Males
Switzerland,2462.6,2023,Males
Switzerland,2463.2,2024,Males
Cyprus,161.4,1999,Males
Cyprus,165.7,2000,Males
Cyprus,169.8,2001,Males
Cyprus,169.8,2002,Males
Cyprus,173.6,2003,Males
Cyprus,182.1,2004,Males
Cyprus,189.6,2005,Males
Cyprus,193.5,2006,Males
Cyprus,201.6,2007,Males
Cyprus,202.8,2008,Males
Cyprus,196.1,2009,Males
Cyprus,199.2,2010,Males
Cyprus,200.3,2011,Males
Cyprus,194.1,2012,Males
Cyprus,184.0,2013,Males
Cyprus,179.6,2014,Males
Cyprus,177.9,2015,Males
Cyprus,182.2,2016,Males
Cyprus,190.6,2017,Males
Cyprus,201.4,2018,Males
Cyprus,215.2,2019,Males
Cyprus,218.8,2020,Males
Cyprus,222.7,2021,Males
Cyprus,231.3,2022,Males
Cyprus,235.7,2023,Males
Cyprus,241.4,2024,Males
Czechia,2705.1,1997,Males
Czechia,2677.3,1998,Males
Czechia,2607.0,1999,Males
Czechia,2585.3,2000,Males
Czechia,2591.2,2001,Males
Czechia,2629.5,2002,Males
Czechia,2614.8,2003,Males
Czechia,2602.8,2004,Males
Czechia,2671.1,2005,Males
Czechia,2704.4,2006,Males
Czechia,2764.4,2007,Males
Czechia,2819.9,2008,Males
Czechia,2776.7,2009,Males
Czechia,2752.5,2010,Males
Czechia,2732.8,2011,Males
Czechia,2731.7,2012,Males
Czechia,2742.1,2013,Males
Czechia,2763.5,2014,Males
Czechia,2775.2,2015,Males
Czechia,2805.6,2016,Males
Czechia,2842.9,2017,Males
Czechia,2861.7,2018,Males
Czechia,2862.9,2019,Males
Czechia,2842.0,2020,Males
Czechia,2829.6,2021,Males
Czechia,2798.2,2022,Males
Czechia,2745.3,2023,Males
Czechia,2743.4,2024,Males
Germany,20472.2,1995,Males
Germany,20185.8,1996,Males
Germany,19944.2,1997,Males
Germany,20003.0,1998,Males
Germany,20152.2,1999,Males
Germany,20188.0,2000,Males
Germany,20135.5,2001,Males
Germany,19855.9,2002,Males
Germany,19529.4,2003,Males
Germany,19230.4,2004,Males
Germany,19636.0,2005,Males
Germany,20000.4,2006,Males
Germany,20378.4,2007,Males
Germany,20631.2,2008,Males
Germany,20400.8,2009,Males
Germany,20019.1,2010,Males
Germany,20337.5,2011,Males
Germany,20512.0,2012,Males
Germany,20583.9,2013,Males
Germany,20697.8,2014,Males
Germany,20808.1,2015,Males
Germany,21375.4,2016,Males
Germany,21552.2,2017,Males
Germany,21607.8,2018,Males
Germany,21806.3,2019,Males
Germany,21273.9,2020,Males
Germany,21238.6,2021,Males
Germany,21681.3,2022,Males
Germany,21890.2,2023,Males
Germany,21949.7,2024,Males
Denmark,1423.0,1995,Males
Denmark,1427.9,1996,Males
Denmark,1441.8,1997,Males
Denmark,1428.8,1998,Males
Denmark,1450.7,1999,Males
Denmark,1437.8,2000,Males
Denmark,1435.0,2001,Males
Denmark,1428.9,2002,Males
Denmark,1428.8,2003,Males
Denmark,1439.2,2004,Males
Denmark,1436.3,2005,Males
Denmark,1464.3,2006,Males
Denmark,1460.0,2007,Males
Denmark,1459.5,2008,Males
Denmark,1387.5,2009,Males
Denmark,1351.1,2010,Males
Denmark,1354.1,2011,Males
Denmark,1338.4,2012,Males
Denmark,1332.6,2013,Males
Denmark,1354.4,2014,Males
Denmark,1382.1,2015,Males
Denmark,1399.7,2016,Males
Denmark,1413.7,2017,Males
Denmark,1436.3,2018,Males
Denmark,1458.7,2019,Males
Denmark,1444.0,2020,Males
Denmark,1464.1,2021,Males
Denmark,1486.4,2022,Males
Denmark,1497.5,2023,Males
Denmark,1524.7,2024,Males
Estonia,300.6,1997,Males
Estonia,304.0,1998,Males
Estonia,285.6,1999,Males
Estonia,287.6,2000,Males
Estonia,290.8,2001,Males
Estonia,290.7,2002,Males
Estonia,294.5,2003,Males
Estonia,289.6,2004,Males
Estonia,295.1,2005,Males
Estonia,317.4,2006,Males
Estonia,323.9,2007,Males
Estonia,323.3,2008,Males
Estonia,281.6,2009,Males
Estonia,269.3,2010,Males
Estonia,294.8,2011,Males
Estonia,299.7,2012,Males
Estonia,304.7,2013,Males
Estonia,308.8,2014,Males
Estonia,311.4,2015,Males
Estonia,313.0,2016,Males
Estonia,316.8,2017,Males
Estonia,321.5,2018,Males
Estonia,324.8,2019,Males
Estonia,316.7,2020,Males
Estonia,315.5,2021,Males
Estonia,324.6,2022,Males
Estonia,329.6,2023,Males
Estonia,329.0,2024,Males
Greece,2357.1,1995,Males
Greece,2373.7,1996,Males
Greece,2345.5,1997,Males
Greece,2489.1,1998,Males
Greece,2485.9,1999,Males
Greece,2511.2,2000,Males
Greece,2596.8,2001,Males
Greece,2614.8,2002,Males
Greece,2644.3,2003,Males
Greece,2663.1,2004,Males
Greece,2671.5,2005,Males
Greece,2697.0,2006,Males
Greece,2713.2,2007,Males
Greece,2721.9,2008,Males
Greece,2660.4,2009,Males
Greece,2541.6,2010,Males
Greece,2337.7,2011,Males
Greece,2125.9,2012,Males
Greece,2027.3,2013,Males
Greece,2016.6,2014,Males
Greece,2047.9,2015,Males
Greece,2091.8,2016,Males
Greece,2137.9,2017,Males
Greece,2189.0,2018,Males
Greece,2208.7,2019,Males
Greece,2169.5,2020,Males
Greece,2200.6,2021,Males
Greece,2321.0,2022,Males
Greece,2326.8,2023,Males
Greece,2351.4,2024,Males
Spain,8157.5,1995,Males
Spain,8292.8,1996,Males
Spain,8552.5,1997,Males
Spain,8919.3,1998,Males
Spain,9333.8,1999,Males
Spain,9704.0,2000,Males
Spain,10054.3,2001,Males
Spain,10333.8,2002,Males
Spain,10624.1,2003,Males
Spain,10850.0,2004,Males
Spain,11390.8,2005,Males
Spain,11707.2,2006,Males
Spain,11968.0,2007,Males
Spain,11708.1,2008,Males
Spain,10643.3,2009,Males
Spain,10337.6,2010,Males
Spain,10068.1,2011,Males
Spain,9520.3,2012,Males
Spain,9236.9,2013,Males
Spain,9363.8,2014,Males
Spain,9676.0,2015,Males
Spain,9910.2,2016,Males
Spain,10162.0,2017,Males
Spain,10419.6,2018,Males
Spain,10622.8,2019,Males
Spain,10288.4,2020,Males
Spain,10568.3,2021,Males
Spain,10940.0,2022,Males
Spain,11193.8,2023,Males
Spain,11403.7,2024,Males
Finland,1026.8,1995,Males
Finland,1065.5,1996,Males
Finland,1101.3,1997,Males
Finland,1135.0,1998,Males
Finland,1212.4,1999,Males
Finland,1231.8,2000,Males
Finland,1243.2,2001,Males
Finland,1232.7,2002,Males
Finland,1225.7,2003,Males
Finland,1224.9,2004,Males
Finland,1227.8,2005,Males
Finland,1249.2,2006,Males
Finland,1267.5,2007,Males
Finland,1291.4,2008,Males
Finland,1232.9,2009,Males
Finland,1234.2,2010,Males
Finland,1249.1,2011,Males
Finland,1244.2,2012,Males
Finland,1227.8,2013,Males
Finland,1214.9,2014,Males
Finland,1206.1,2015,Males
Finland,1225.2,2016,Males
Finland,1238.0,2017,Males
Finland,1270.1,2018,Males
Finland,1277.7,2019,Males
Finland,1263.1,2020,Males
Finland,1271.1,2021,Males
Finland,1291.4,2022,Males
Finland,1286.4,2023,Males
Finland,1277.0,2024,Males
France,12100.6,1995,Males
France,12129.1,1996,Males
France,12094.3,1997,Males
France,12213.5,1998,Males
France,12347.1,1999,Males
France,12665.1,2000,Males
France,12986.7,2001,Males
France,13001.9,2002,Males
France,13178.1,2003,Males
France,13191.2,2004,Males
France,13293.7,2005,Males
France,13336.4,2006,Males
France,13467.9,2007,Males
France,13611.8,2008,Males
France,13405.7,2009,Males
France,13426.7,2010,Males
France,13414.6,2011,Males
France,13369.3,2012,Males
France,13294.1,2013,Males
France,13501.4,2014,Males
France,13473.8,2015,Males
France,13531.8,2016,Males
France,13679.0,2017,Males
France,13754.2,2018,Males
France,13718.8,2019,Males
France,13633.3,2020,Males
France,13910.6,2021,Males
France,14170.6,2022,Males
France,14259.4,2023,Males
France,14490.9,2024,Males
Croatia,820.3,2002,Males
Croatia,830.3,2003,Males
Croatia,848.2,2004,Males
Croatia,835.2,2005,Males
Croatia,838.6,2006,Males
Croatia,950.5,2007,Males
Croatia,966.3,2008,Males
Croatia,936.5,2009,Males
Croatia,899.3,2010,Males
Croatia,872.4,2011,Males
Croatia,825.4,2012,Males
Croatia,791.1,2013,Males
Croatia,815.1,2014,Males
Croatia,817.7,2015,Males
Croatia,815.2,2016,Males
Croatia,824.6,2017,Males
Croatia,828.9,2018,Males
Croatia,835.1,2019,Males
Croatia,827.8,2020,Males
Croatia,833.0,2021,Males
Croatia,842.2,2022,Males
Croatia,841.7,2023,Males
Croatia,870.0,2024,Males
Hungary,1970.3,1996,Males
Hungary,1986.9,1997,Males
Hungary,1994.8,1998,Males
Hungary,2067.5,1999,Males
Hungary,2076.9,2000,Males
Hungary,2100.3,2001,Males
Hungary,2098.2,2002,Males
Hungary,2116.1,2003,Males
Hungary,2102.4,2004,Males
Hungary,2101.2,2005,Males
Hungary,2123.2,2006,Males
Hungary,2111.9,2007,Males
Hungary,2075.9,2008,Males
Hungary,2006.5,2009,Males
Hungary,1975.0,2010,Males
Hungary,2000.8,2011,Males
Hungary,2028.7,2012,Males
Hungary,2084.5,2013,Males
Hungary,2202.7,2014,Males
Hungary,2264.3,2015,Males
Hungary,2337.3,2016,Males
Hungary,2389.7,2017,Males
Hungary,2418.8,2018,Males
Hungary,2438.8,2019,Males
Hungary,2408.4,2020,Males
Hungary,2417.1,2021,Males
Hungary,2430.2,2022,Males
Hungary,2437.3,2023,Males
Hungary,2419.1,2024,Males
Ireland,761.2,1995,Males
Ireland,780.4,1996,Males
Ireland,811.9,1997,Males
Ireland,873.8,1998,Males
Ireland,920.7,1999,Males
Ireland,965.4,2000,Males
Ireland,992.2,2001,Males
Ireland,999.3,2002,Males
Ireland,1013.7,2003,Males
Ireland,1038.4,2004,Males
Ireland,1095.3,2005,Males
Ireland,1149.4,2006,Males
Ireland,1232.0,2007,Males
Ireland,1197.1,2008,Males
Ireland,1057.6,2009,Males
Ireland,998.4,2010,Males
Ireland,974.8,2011,Males
Ireland,966.9,2012,Males
Ireland,1007.1,2013,Males
Ireland,1037.7,2014,Males
Ireland,1072.1,2015,Males
Ireland,1107.5,2016,Males
Ireland,1137.0,2017,Males
Ireland,1167.1,2018,Males
Ireland,1196.3,2019,Males
Ireland,1179.9,2020,Males
Ireland,1226.1,2021,Males
Ireland,1314.7,2022,Males
Ireland,1342.4,2023,Males
Ireland,1373.1,2024,Males
Iceland,69.9,1995,Males
Iceland,70.8,1996,Males
Iceland,70.8,1997,Males
Iceland,73.5,1998,Males
Iceland,76.3,1999,Males
Iceland,79.0,2000,Males
Iceland,80.7,2001,Males
Iceland,78.9,2002,Males
Iceland,79.6,2003,Males
Iceland,79.2,2004,Males
Iceland,81.1,2005,Males
Iceland,87.3,2006,Males
Iceland,92.4,2007,Males
Iceland,92.7,2008,Males
Iceland,83.6,2009,Males
Iceland,82.2,2010,Males
Iceland,82.2,2011,Males
Iceland,83.2,2012,Males
Iceland,85.9,2013,Males
Iceland,87.3,2014,Males
Iceland,90.1,2015,Males
Iceland,94.4,2016,Males
Iceland,96.9,2017,Males
Iceland,99.9,2018,Males
Iceland,101.3,2019,Males
Iceland,98.4,2020,Males
Iceland,99.5,2021,Males
Iceland,105.8,2022,Males
Iceland,111.7,2023,Males
Iceland,117.4,2024,Males
Italy,12728.9,1995,Males
Italy,12727.4,1996,Males
Italy,12741.7,1997,Males
Italy,12827.6,1998,Males
Italy,12889.9,1999,Males
Italy,12992.1,2000,Males
Italy,13116.0,2001,Males
Italy,13295.6,2002,Males
Italy,13414.0,2003,Males
Italy,13319.0,2004,Males
Italy,13324.0,2005,Males
Italy,13462.8,2006,Males
Italy,13515.4,2007,Males
Italy,13513.0,2008,Males
Italy,13252.2,2009,Males
Italy,13088.1,2010,Males
Italy,13049.5,2011,Males
Italy,12872.8,2012,Males
Italy,12584.0,2013,Males
Italy,12590.0,2014,Males
Italy,12717.8,2015,Males
Italy,12852.8,2016,Males
Italy,12934.1,2017,Males
Italy,12863.2,2018,Males
Italy,12899.4,2019,Males
Italy,12662.0,2020,Males
Italy,12558.7,2021,Males
Italy,12884.4,2022,Males
Italy,13094.7,2023,Males
Italy,13254.7,2024,Males
Lithuania,748.4,1998,Males
Lithuania,733.9,1999,Males
Lithuania,681.0,2000,Males
Lithuania,658.3,2001,Males
Lithuania,709.7,2002,Males
Lithuania,725.1,2003,Males
Lithuania,719.4,2004,Males
Lithuania,720.1,2005,Males
Lithuania,707.4,2006,Males
Lithuania,719.3,2007,Males
Lithuania,702.8,2008,Males
Lithuania,616.0,2009,Males
Lithuania,578.6,2010,Males
Lithuania,590.2,2011,Males
Lithuania,602.6,2012,Males
Lithuania,620.2,2013,Males
Lithuania,631.7,2014,Males
Lithuania,637.3,2015,Males
Lithuania,643.3,2016,Males
Lithuania,636.1,2017,Males
Lithuania,654.5,2018,Males
Lithuania,655.7,2019,Males
Lithuania,649.9,2020,Males
Lithuania,660.0,2021,Males
Lithuania,663.8,2022,Males
Lithuania,685.1,2023,Males
Lithuania,705.3,2024,Males
Luxembourg,103.9,1995,Males
Luxembourg,104.3,1996,Males
Luxembourg,105.0,1997,Males
Luxembourg,106.0,1998,Males
Luxembourg,107.0,1999,Males
Luxembourg,109.1,2000,Males
Luxembourg,111.0,2001,Males
Luxembourg,112.2,2002,Males
Luxembourg,110.6,2003,Males
Luxembourg,110.8,2004,Males
Luxembourg,112.3,2005,Males
Luxembourg,110.8,2006,Males
Luxembourg,113.5,2007,Males
Luxembourg,115.3,2008,Males
Luxembourg,122.3,2009,Males
Luxembourg,123.5,2010,Males
Luxembourg,125.8,2011,Males
Luxembourg,130.3,2012,Males
Luxembourg,131.5,2013,Males
Luxembourg,134.0,2014,Males
Luxembourg,139.7,2015,Males
Luxembourg,142.0,2016,Males
Luxembourg,144.6,2017,Males
Luxembourg,149.1,2018,Males
Luxembourg,155.3,2019,Males
Luxembourg,154.7,2020,Males
Luxembourg,161.6,2021,Males
Luxembourg,164.1,2022,Males
Luxembourg,169.7,2023,Males
Luxembourg,168.7,2024,Males
Latvia,493.0,1998,Males
Latvia,492.3,1999,Males
Latvia,473.4,2000,Males
Latvia,457.1,2001,Males
Latvia,464.5,2002,Males
Latvia,470.1,2003,Males
Latvia,477.4,2004,Males
Latvia,480.0,2005,Males
Latvia,506.0,2006,Males
Latvia,518.9,2007,Males
Latvia,507.6,2008,Males
Latvia,420.4,2009,Males
Latvia,393.3,2010,Males
Latvia,407.0,2011,Males
Latvia,417.2,2012,Males
Latvia,428.2,2013,Males
Latvia,427.0,2014,Males
Latvia,431.1,2015,Males
Latvia,425.2,2016,Males
Latvia,428.0,2017,Males
Latvia,434.6,2018,Males
Latvia,434.0,2019,Males
Latvia,425.0,2020,Males
Latvia,413.8,2021,Males
Latvia,417.3,2022,Males
Latvia,415.6,2023,Males
Latvia,411.5,2024,Males
Montenegro,108.5,2011,Males
Montenegro,109.8,2012,Males
Montenegro,109.5,2013,Males
Montenegro,117.4,2014,Males
Montenegro,118.0,2015,Males
Montenegro,120.7,2016,Males
Montenegro,125.4,2017,Males
Montenegro,129.0,2018,Males
Montenegro,132.2,2019,Males
Montenegro,119.3,2020,Males
North Macedonia,347.0,2006,Males
North Macedonia,353.9,2007,Males
North Macedonia,368.7,2008,Males
North Macedonia,384.8,2009,Males
North Macedonia,386.9,2010,Males
North Macedonia,385.3,2011,Males
North Macedonia,388.7,2012,Males
North Macedonia,404.3,2013,Males
North Macedonia,416.4,2014,Males
North Macedonia,418.5,2015,Males
North Macedonia,433.4,2016,Males
North Macedonia,445.5,2017,Males
North Macedonia,451.2,2018,Males
North Macedonia,471.6,2019,Males
North Macedonia,464.1,2020,Males
Malta,99.0,2000,Males
Malta,102.7,2001,Males
Malta,101.8,2002,Males
Malta,102.9,2003,Males
Malta,102.3,2004,Males
Malta,102.6,2005,Males
Malta,103.8,2006,Males
Malta,104.6,2007,Males
Malta,105.0,2008,Males
Malta,104.4,2009,Males
Malta,105.0,2010,Males
Malta,106.2,2011,Males
Malta,106.9,2012,Males
Malta,109.7,2013,Males
Malta,113.1,2014,Males
Malta,118.0,2015,Males
Malta,123.2,2016,Males
Malta,129.4,2017,Males
Malta,137.7,2018,Males
Malta,148.2,2019,Males
Malta,150.6,2020,Males
Malta,153.4,2021,Males
Malta,161.1,2022,Males
Malta,174.9,2023,Males
Malta,185.0,2024,Males
Netherlands,3980.3,1995,Males
Netherlands,4037.6,1996,Males
Netherlands,4168.3,1997,Males
Netherlands,4273.1,1998,Males
Netherlands,4333.7,1999,Males
Netherlands,4455.5,2000,Males
Netherlands,4519.5,2001,Males
Netherlands,4555.4,2002,Males
Netherlands,4495.4,2003,Males
Netherlands,4445.0,2004,Males
Netherlands,4307.9,2005,Males
Netherlands,4346.2,2006,Males
Netherlands,4437.6,2007,Males
Netherlands,4518.1,2008,Males
Netherlands,4470.6,2009,Males
Netherlands,4398.8,2010,Males
Netherlands,4377.0,2011,Males
Netherlands,4375.7,2012,Males
Netherlands,4324.2,2013,Males
Netherlands,4304.6,2014,Males
Netherlands,4336.4,2015,Males
Netherlands,4383.0,2016,Males
Netherlands,4449.2,2017,Males
Netherlands,4523.8,2018,Males
Netherlands,4584.9,2019,Males
Netherlands,4574.4,2020,Males
Netherlands,4704.1,2021,Males
Netherlands,4840.8,2022,Males
Netherlands,4911.1,2023,Males
Netherlands,4918.5,2024,Males
Norway,1071.2,1995,Males
Norway,1109.9,1996,Males
Norway,1141.1,1997,Males
Norway,1171.0,1998,Males
Norway,1177.1,1999,Males
Norway,1188.9,2000,Males
Norway,1187.1,2001,Males
Norway,1190.1,2002,Males
Norway,1169.8,2003,Males
Norway,1170.4,2004,Males
Norway,1181.4,2005,Males
Norway,1215.2,2006,Males
Norway,1251.5,2007,Males
Norway,1290.3,2008,Males
Norway,1272.6,2009,Males
Norway,1272.4,2010,Males
Norway,1286.4,2011,Males
Norway,1314.5,2012,Males
Norway,1321.3,2013,Males
Norway,1327.8,2014,Males
Norway,1334.2,2015,Males
Norway,1327.5,2016,Males
Norway,1333.1,2017,Males
Norway,1361.4,2018,Males
Norway,1376.2,2019,Males
Norway,1368.0,2020,Males
Norway,1392.3,2021,Males
Norway,1434.3,2022,Males
Norway,1440.5,2023,Males
Norway,1447.4,2024,Males
Poland,8119.7,1997,Males
Poland,8224.8,1998,Males
Poland,7925.0,1999,Males
Poland,7750.0,2000,Males
Poland,7574.3,2001,Males
Poland,7339.9,2002,Males
Poland,7266.6,2003,Males
Poland,7342.4,2004,Males
Poland,7643.0,2005,Males
Poland,7927.3,2006,Males
Poland,8258.2,2007,Males
Poland,8573.0,2008,Males
Poland,8577.6,2009,Males
Poland,8418.1,2010,Males
Poland,8496.1,2011,Males
Poland,8497.8,2012,Males
Poland,8485.6,2013,Males
Poland,8606.8,2014,Males
Poland,8690.2,2015,Males
Poland,8737.2,2016,Males
Poland,8842.1,2017,Males
Poland,8852.5,2018,Males
Poland,9137.7,2019,Males
Poland,9152.8,2020,Males
Poland,9149.9,2021,Males
Poland,9120.3,2022,Males
Poland,9089.6,2023,Males
Poland,9028.2,2024,Males
Portugal,2316.1,1995,Males
Portugal,2304.3,1996,Males
Portugal,2324.3,1997,Males
Portugal,2540.7,1998,Males
Portugal,2546.7,1999,Males
Portugal,2587.6,2000,Males
Portugal,2626.3,2001,Males
Portugal,2638.2,2002,Males
Portugal,2575.6,2003,Males
Portugal,2553.0,2004,Males
Portugal,2521.8,2005,Males
Portugal,2537.7,2006,Males
Portugal,2539.3,2007,Males
Portugal,2542.4,2008,Males
Portugal,2435.9,2009,Males
Portugal,2389.8,2010,Males
Portugal,2301.6,2011,Males
Portugal,2172.6,2012,Males
Portugal,2113.1,2013,Males
Portugal,2166.7,2014,Males
Portugal,2185.7,2015,Males
Portugal,2217.8,2016,Males
Portugal,2296.1,2017,Males
Portugal,2338.3,2018,Males
Portugal,2359.1,2019,Males
Portugal,2293.7,2020,Males
Portugal,2319.0,2021,Males
Portugal,2385.1,2022,Males
Portugal,2428.4,2023,Males
Portugal,2462.9,2024,Males
Romania,5470.8,1997,Males
Romania,5380.0,1998,Males
Romania,5261.0,1999,Males
Romania,5211.6,2000,Males
Romania,5178.3,2001,Males
Romania,4880.9,2002,Males
Romania,4784.3,2003,Males
Romania,4756.2,2004,Males
Romania,4759.8,2005,Males
Romania,4835.0,2006,Males
Romania,4862.5,2007,Males
Romania,4924.6,2008,Males
Romania,4889.5,2009,Males
Romania,4688.6,2010,Males
Romania,4555.1,2011,Males
Romania,4621.8,2012,Males
Romania,4620.8,2013,Males
Romania,4677.0,2014,Males
Romania,4704.2,2015,Males
Romania,4667.5,2016,Males
Romania,4743.7,2017,Males
Romania,4791.6,2018,Males
Romania,4825.6,2019,Males
Romania,4767.9,2020,Males
Romania,4466.2,2021,Males
Romania,4446.2,2022,Males
Romania,4360.6,2023,Males
Romania,4442.0,2024,Males
Serbia,1301.8,2010,Males
Serbia,1250.3,2011,Males
Serbia,1238.3,2012,Males
Serbia,1257.6,2013,Males
Serbia,1385.3,2014,Males
Serbia,1400.1,2015,Males
Serbia,1443.7,2016,Males
Serbia,1471.6,2017,Males
Serbia,1495.7,2018,Males
Serbia,1510.4,2019,Males
Serbia,1505.1,2020,Males
Serbia,1466.8,2021,Males
Serbia,1489.0,2022,Males
Serbia,1475.3,2023,Males
Serbia,1486.0,2024,Males
Sweden,2047.1,1995,Males
Sweden,2020.9,1996,Males
Sweden,2002.9,1997,Males
Sweden,2037.3,1998,Males
Sweden,2077.0,1999,Males
Sweden,2099.1,2000,Males
Sweden,2218.1,2001,Males
Sweden,2212.3,2002,Males
Sweden,2211.9,2003,Males
Sweden,2201.2,2004,Males
Sweden,2224.6,2005,Males
Sweden,2279.7,2006,Males
Sweden,2332.8,2007,Males
Sweden,2356.6,2008,Males
Sweden,2290.7,2009,Males
Sweden,2311.5,2010,Males
Sweden,2355.2,2011,Males
Sweden,2350.0,2012,Males
Sweden,2373.3,2013,Males
Sweden,2390.9,2014,Males
Sweden,2419.8,2015,Males
Sweden,2457.4,2016,Males
Sweden,2514.7,2017,Males
Sweden,2556.3,2018,Males
Sweden,2581.2,2019,Males
Sweden,2551.6,2020,Males
Sweden,2542.2,2021,Males
Sweden,2630.4,2022,Males
Sweden,2645.4,2023,Males
Sweden,2613.2,2024,Males
Slovenia,456.7,1996,Males
Slovenia,468.7,1997,Males
Slovenia,471.8,1998,Males
Slovenia,466.8,1999,Males
Slovenia,469.7,2000,Males
Slovenia,484.9,2001,Males
Slovenia,488.1,2002,Males
Slovenia,477.5,2003,Males
Slovenia,499.2,2004,Males
Slovenia,501.9,2005,Males
Slovenia,509.6,2006,Males
Slovenia,524.6,2007,Males
Slovenia,531.8,2008,Males
Slovenia,516.2,2009,Males
Slovenia,509.4,2010,Males
Slovenia,494.6,2011,Males
Slovenia,490.2,2012,Males
Slovenia,484.3,2013,Males
Slovenia,485.9,2014,Males
Slovenia,491.7,2015,Males
Slovenia,483.9,2016,Males
Slovenia,506.1,2017,Males
Slovenia,518.7,2018,Males
Slovenia,523.9,2019,Males
Slovenia,522.5,2020,Males
Slovenia,516.9,2021,Males
Slovenia,523.7,2022,Males
Slovenia,526.6,2023,Males
Slovenia,533.8,2024,Males
Slovakia,1208.2,1998,Males
Slovakia,1154.0,1999,Males
Slovakia,1121.6,2000,Males
Slovakia,1133.7,2001,Males
Slovakia,1140.9,2002,Males
Slovakia,1173.2,2003,Males
Slovakia,1175.6,2004,Males
Slovakia,1227.1,2005,Males
Slovakia,1287.5,2006,Males
Slovakia,1318.6,2007,Males
Slovakia,1357.2,2008,Males
Slovakia,1320.4,2009,Males
Slovakia,1278.5,2010,Males
Slovakia,1284.8,2011,Males
Slovakia,1296.4,2012,Males
Slovakia,1288.2,2013,Males
Slovakia,1307.8,2014,Males
Slovakia,1337.4,2015,Males
Slovakia,1367.0,2016,Males
Slovakia,1370.2,2017,Males
Slovakia,1395.1,2018,Males
Slovakia,1394.6,2019,Males
Slovakia,1364.3,2020,Males
Slovakia,1339.5,2021,Males
Slovakia,1358.3,2022,Males
Slovakia,1355.1,2023,Males
Slovakia,1367.6,2024,Males
Türkiye,14772.3,2006,Males
Türkiye,15011.5,2007,Males
Türkiye,15191.7,2008,Males
Türkiye,14991.7,2009,Males
Türkiye,15744.2,2010,Males
Türkiye,16671.4,2011,Males
Türkiye,17053.8,2012,Males
Türkiye,17403.1,2013,Males
Türkiye,17748.8,2014,Males
Türkiye,18049.2,2015,Males
Türkiye,18354.0,2016,Males
Türkiye,18870.4,2017,Males
Türkiye,19090.8,2018,Males
Türkiye,18536.2,2019,Males
Türkiye,17944.6,2020,Males
Türkiye,19152.7,2021,Males
Türkiye,20104.4,2022,Males
Türkiye,20552.8,2023,Males
Türkiye,20985.8,2024,Males
United Kingdom,14092.1,1995,Males
United Kingdom,14214.4,1996,Males
United Kingdom,14488.8,1997,Males
United Kingdom,14697.0,1998,Males
United Kingdom,14317.5,1999,Males
United Kingdom,14519.1,2000,Males
United Kingdom,14663.7,2001,Males
United Kingdom,14677.0,2002,Males
United Kingdom,14841.5,2003,Males
United Kingdom,14941.4,2004,Males
United Kingdom,15130.2,2005,Males
United Kingdom,15247.3,2006,Males
United Kingdom,15384.7,2007,Males
United Kingdom,15446.9,2008,Males
United Kingdom,15037.4,2009,Males
United Kingdom,15026.7,2010,Males
United Kingdom,15088.9,2011,Males
United Kingdom,15232.6,2012,Males
United Kingdom,15321.9,2013,Males
United Kingdom,15660.9,2014,Males
United Kingdom,15896.9,2015,Males
United Kingdom,16117.1,2016,Males
United Kingdom,16229.4,2017,Males
United Kingdom,16390.4,2018,Males
United Kingdom,16471.7,2019,Males
Austria,3629.7,1995,Total
Austria,3577.3,1996,Total
Austria,3573.7,1997,Total
Austria,3593.4,1998,Total
Austria,3644.0,1999,Total
Austria,3648.0,2000,Total
Austria,3662.0,2001,Total
Austria,3636.1,2002,Total
Austria,3715.6,2003,Total
Austria,3579.7,2004,Total
Austria,3711.3,2005,Total
Austria,3782.5,2006,Total
Austria,3863.6,2007,Total
Austria,3928.7,2008,Total
Austria,3909.3,2009,Total
Austria,3943.9,2010,Total
Austria,3982.3,2011,Total
Austria,4013.4,2012,Total
Austria,4030.0,2013,Total
Austria,4034.2,2014,Total
Austria,4067.6,2015,Total
Austria,4142.7,2016,Total
Austria,4185.3,2017,Total
Austria,4241.1,2018,Total
Austria,4280.2,2019,Total
Austria,4224.0,2020,Total
Austria,4231.7,2021,Total
Austria,4357.2,2022,Total
Austria,4394.3,2023,Total
Austria,4395.1,2024,Total
Bosnia and Herzegovina,1131.1,2021,Total
Bosnia and Herzegovina,1147.1,2022,Total
Bosnia and Herzegovina,1180.0,2023,Total
Bosnia and Herzegovina,1209.1,2024,Total
Belgium,3769.4,1995,Total
Belgium,3767.3,1996,Total
Belgium,3818.7,1997,Total
Belgium,3841.3,1998,Total
Belgium,3955.2,1999,Total
Belgium,4093.0,2000,Total
Belgium,4015.8,2001,Total
Belgium,4031.4,2002,Total
Belgium,4026.6,2003,Total
Belgium,4121.5,2004,Total
Belgium,4199.2,2005,Total
Belgium,4232.9,2006,Total
Belgium,4348.1,2007,Total
Belgium,4413.7,2008,Total
Belgium,4389.4,2009,Total
Belgium,4450.6,2010,Total
Belgium,4470.5,2011,Total
Belgium,4479.0,2012,Total
Belgium,4484.5,2013,Total
Belgium,4497.3,2014,Total
Belgium,4499.3,2015,Total
Belgium,4540.6,2016,Total
Belgium,4587.2,2017,Total
Belgium,4699.4,2018,Total
Belgium,4770.7,2019,Total
Belgium,4740.6,2020,Total
Belgium,4794.7,2021,Total
Belgium,4920.9,2022,Total
Belgium,4954.1,2023,Total
Belgium,4981.1,2024,Total
Bulgaria,2834.2,2000,Total
Bulgaria,2723.1,2001,Total
Bulgaria,2760.3,2002,Total
Bulgaria,2818.7,2003,Total
Bulgaria,2922.0,2004,Total
Bulgaria,2947.0,2005,Total
Bulgaria,3071.7,2006,Total
Bulgaria,3208.8,2007,Total
Bulgaria,3306.2,2008,Total
Bulgaria,3204.8,2009,Total
Bulgaria,3037.0,2010,Total
Bulgaria,2927.5,2011,Total
Bulgaria,2894.9,2012,Total
Bulgaria,2889.4,2013,Total
Bulgaria,2927.4,2014,Total
Bulgaria,2973.5,2015,Total
Bulgaria,2954.3,2016,Total
Bulgaria,3073.4,2017,Total
Bulgaria,3068.9,2018,Total
Bulgaria,2946.0,2019,Total
Bulgaria,2833.4,2020,Total
Bulgaria,2785.4,2021,Total
Bulgaria,2840.7,2022,Total
Bulgaria,2821.7,2023,Total
Bulgaria,2820.8,2024,Total
Switzerland,3678.1,1996,Total
Switzerland,3668.4,1997,Total
Switzerland,3734.6,1998,Total
Switzerland,3760.5,1999,Total
Switzerland,3775.8,2000,Total
Switzerland,3836.8,2001,Total
Switzerland,3864.9,2002,Total
Switzerland,3856.6,2003,Total
Switzerland,3865.0,2004,Total
Switzerland,3887.1,2005,Total
Switzerland,3953.9,2006,Total
Switzerland,4015.5,2007,Total
Switzerland,4111.6,2008,Total
Switzerland,4140.4,2009,Total
Switzerland,4087.1,2010,Total
Switzerland,4169.2,2011,Total
Switzerland,4214.3,2012,Total
Switzerland,4245.8,2013,Total
Switzerland,4306.8,2014,Total
Switzerland,4370.7,2015,Total
Switzerland,4423.1,2016,Total
Switzerland,4454.4,2017,Total
Switzerland,4489.4,2018,Total
Switzerland,4527.9,2019,Total
Switzerland,4518.4,2020,Total
Switzerland,4524.1,2021,Total
Switzerland,4577.7,2022,Total
Switzerland,4648.5,2023,Total
Switzerland,4669.0,2024,Total
Cyprus,273.5,1999,Total
Cyprus,286.0,2000,Total
Cyprus,301.2,2001,Total
Cyprus,306.6,2002,Total
Cyprus,317.0,2003,Total
Cyprus,327.0,2004,Total
Cyprus,338.0,2005,Total
Cyprus,348.3,2006,Total
Cyprus,367.9,2007,Total
Cyprus,371.1,2008,Total
Cyprus,371.0,2009,Total
Cyprus,382.3,2010,Total
Cyprus,386.3,2011,Total
Cyprus,375.0,2012,Total
Cyprus,356.7,2013,Total
Cyprus,355.1,2014,Total
Cyprus,350.0,2015,Total
Cyprus,353.9,2016,Total
Cyprus,369.8,2017,Total
Cyprus,389.7,2018,Total
Cyprus,411.4,2019,Total
Cyprus,415.5,2020,Total
Cyprus,428.3,2021,Total
Cyprus,448.9,2022,Total
Cyprus,463.2,2023,Total
Cyprus,470.6,2024,Total
Czechia,4835.7,1997,Total
Czechia,4770.2,1998,Total
Czechia,4652.4,1999,Total
Czechia,4617.3,2000,Total
Czechia,4626.0,2001,Total
Czechia,4677.3,2002,Total
Czechia,4649.3,2003,Total
Czechia,4629.4,2004,Total
Czechia,4710.0,2005,Total
Czechia,4769.4,2006,Total
Czechia,4855.9,2007,Total
Czechia,4933.5,2008,Total
Czechia,4857.2,2009,Total
Czechia,4809.6,2010,Total
Czechia,4796.4,2011,Total
Czechia,4810.3,2012,Total
Czechia,4845.9,2013,Total
Czechia,4883.5,2014,Total
Czechia,4934.3,2015,Total
Czechia,5015.9,2016,Total
Czechia,5093.9,2017,Total
Czechia,5146.8,2018,Total
Czechia,5151.0,2019,Total
Czechia,5086.9,2020,Total
Czechia,5066.1,2021,Total
Czechia,5021.7,2022,Total
Czechia,4890.3,2023,Total
Czechia,5010.4,2024,Total
Germany,35460.9,1995,Total
Germany,35292.1,1996,Total
Germany,34946.9,1997,Total
Germany,35193.8,1998,Total
Germany,35742.4,1999,Total
Germany,35976.7,2000,Total
Germany,36144.8,2001,Total
Germany,35868.8,2002,Total
Germany,35523.0,2003,Total
Germany,35022.5,2004,Total
Germany,35844.7,2005,Total
Germany,36633.0,2006,Total
Germany,37397.2,2007,Total
Germany,37902.3,2008,Total
Germany,37807.8,2009,Total
Germany,37337.1,2010,Total
Germany,38045.4,2011,Total
Germany,38320.6,2012,Total
Germany,38640.0,2013,Total
Germany,38907.7,2014,Total
Germany,39175.9,2015,Total
Germany,40165.1,2016,Total
Germany,40481.6,2017,Total
Germany,40635.7,2018,Total
Germany,41065.1,2019,Total
Germany,40155.2,2020,Total
Germany,40035.7,2021,Total
Germany,40926.5,2022,Total
Germany,41363.0,2023,Total
Germany,41511.9,2024,Total
Denmark,2580.0,1995,Total
Denmark,2599.5,1996,Total
Denmark,2648.6,1997,Total
Denmark,2651.9,1998,Total
Denmark,2692.3,1999,Total
Denmark,2696.0,2000,Total
Denmark,2679.8,2001,Total
Denmark,2699.5,2002,Total
Denmark,2665.2,2003,Total
Denmark,2705.3,2004,Total
Denmark,2706.3,2005,Total
Denmark,2761.7,2006,Total
Denmark,2758.7,2007,Total
Denmark,2751.7,2008,Total
Denmark,2658.4,2009,Total
Denmark,2598.6,2010,Total
Denmark,2587.6,2011,Total
Denmark,2565.0,2012,Total
Denmark,2557.5,2013,Total
Denmark,2578.7,2014,Total
Denmark,2622.6,2015,Total
Denmark,2667.5,2016,Total
Denmark,2698.1,2017,Total
Denmark,2739.3,2018,Total
Denmark,2779.1,2019,Total
Denmark,2753.3,2020,Total
Denmark,2794.3,2021,Total
Denmark,2864.2,2022,Total
Denmark,2881.3,2023,Total
Denmark,2920.2,2024,Total
Estonia,589.1,1997,Total
Estonia,595.3,1998,Total
Estonia,563.9,1999,Total
Estonia,570.7,2000,Total
Estonia,566.4,2001,Total
Estonia,571.6,2002,Total
Estonia,576.5,2003,Total
Estonia,581.5,2004,Total
Estonia,593.7,2005,Total
Estonia,626.1,2006,Total
Estonia,632.3,2007,Total
Estonia,632.2,2008,Total
Estonia,573.5,2009,Total
Estonia,548.2,2010,Total
Estonia,581.5,2011,Total
Estonia,591.0,2012,Total
Estonia,596.6,2013,Total
Estonia,599.5,2014,Total
Estonia,605.5,2015,Total
Estonia,606.6,2016,Total
Estonia,617.8,2017,Total
Estonia,622.4,2018,Total
Estonia,626.0,2019,Total
Estonia,611.5,2020,Total
Estonia,616.1,2021,Total
Estonia,636.5,2022,Total
Estonia,652.7,2023,Total
Estonia,653.9,2024,Total
Greece,3692.8,1995,Total
Greece,3732.7,1996,Total
Greece,3724.9,1997,Total
Greece,3921.3,1998,Total
Greece,3944.6,1999,Total
Greece,4004.0,2000,Total
Greece,4131.4,2001,Total
Greece,4193.3,2002,Total
Greece,4273.2,2003,Total
Greece,4329.5,2004,Total
Greece,4360.7,2005,Total
Greece,4440.3,2006,Total
Greece,4476.2,2007,Total
Greece,4522.9,2008,Total
Greece,4469.2,2009,Total
Greece,4306.4,2010,Total
Greece,3979.0,2011,Total
Greece,3636.0,2012,Total
Greece,3459.0,2013,Total
Greece,3479.5,2014,Total
Greece,3548.0,2015,Total
Greece,3610.3,2016,Total
Greece,3682.7,2017,Total
Greece,3751.1,2018,Total
Greece,3824.6,2019,Total
Greece,3780.3,2020,Total
Greece,3822.8,2021,Total
Greece,4030.2,2022,Total
Greece,4078.2,2023,Total
Greece,4145.9,2024,Total
Spain,12373.3,1995,Total
Spain,12676.8,1996,Total
Spain,13182.6,1997,Total
Spain,13720.1,1998,Total
Spain,14517.4,1999,Total
Spain,15333.0,2000,Total
Spain,15967.3,2001,Total
Spain,16663.1,2002,Total
Spain,17311.4,2003,Total
Spain,17903.8,2004,Total
Spain,19068.0,2005,Total
Spain,19792.3,2006,Total
Spain,20436.9,2007,Total
Spain,20316.5,2008,Total
Spain,18957.5,2009,Total
Spain,18573.7,2010,Total
Spain,18270.9,2011,Total
Spain,17476.8,2012,Total
Spain,17001.6,2013,Total
Spain,17210.5,2014,Total
Spain,17717.5,2015,Total
Spain,18182.7,2016,Total
Spain,18648.5,2017,Total
Spain,19136.3,2018,Total
Spain,19567.9,2019,Total
Spain,18957.5,2020,Total
Spain,19546.2,2021,Total
Spain,20234.7,2022,Total
Spain,20851.5,2023,Total
Spain,21300.1,2024,Total
Finland,1994.2,1995,Total
Finland,2045.5,1996,Total
Finland,2103.1,1997,Total
Finland,2163.2,1998,Total
Finland,2318.0,1999,Total
Finland,2349.9,2000,Total
Finland,2386.1,2001,Total
Finland,2389.3,2002,Total
Finland,2380.7,2003,Total
Finland,2367.3,2004,Total
Finland,2377.6,2005,Total
Finland,2416.1,2006,Total
Finland,2458.5,2007,Total
Finland,2497.2,2008,Total
Finland,2423.3,2009,Total
Finland,2410.1,2010,Total
Finland,2428.5,2011,Total
Finland,2431.0,2012,Total
Finland,2403.2,2013,Total
Finland,2385.9,2014,Total
Finland,2367.9,2015,Total
Finland,2379.5,2016,Total
Finland,2402.6,2017,Total
Finland,2464.8,2018,Total
Finland,2487.0,2019,Total
Finland,2450.4,2020,Total
Finland,2469.5,2021,Total
Finland,2526.0,2022,Total
Finland,2532.0,2023,Total
Finland,2504.4,2024,Total
France,21783.1,1995,Total
France,21893.8,1996,Total
France,21849.3,1997,Total
France,22139.0,1998,Total
France,22414.2,1999,Total
France,23028.9,2000,Total
France,23584.1,2001,Total
France,23784.3,2002,Total
France,24513.4,2003,Total
France,24475.5,2004,Total
France,24873.4,2005,Total
France,25049.8,2006,Total
France,25459.4,2007,Total
France,25792.5,2008,Total
France,25544.5,2009,Total
France,25580.7,2010,Total
France,25564.0,2011,Total
France,25568.1,2012,Total
France,25546.4,2013,Total
France,26108.6,2014,Total
France,26136.4,2015,Total
France,26239.1,2016,Total
France,26434.3,2017,Total
France,26646.1,2018,Total
France,26710.9,2019,Total
France,26563.1,2020,Total
France,27273.9,2021,Total
France,27815.5,2022,Total
France,28012.0,2023,Total
France,28363.6,2024,Total
Croatia,1472.9,2002,Total
Croatia,1484.1,2003,Total
Croatia,1521.6,2004,Total
Croatia,1511.5,2005,Total
Croatia,1525.9,2006,Total
Croatia,1693.7,2007,Total
Croatia,1725.0,2008,Total
Croatia,1708.2,2009,Total
Croatia,1648.7,2010,Total
Croatia,1583.8,2011,Total
Croatia,1516.3,2012,Total
Croatia,1477.0,2013,Total
Croatia,1513.1,2014,Total
Croatia,1527.2,2015,Total
Croatia,1524.3,2016,Total
Croatia,1540.8,2017,Total
Croatia,1551.8,2018,Total
Croatia,1561.4,2019,Total
Croatia,1540.8,2020,Total
Croatia,1558.6,2021,Total
Croatia,1579.2,2022,Total
Croatia,1589.3,2023,Total
Croatia,1652.9,2024,Total
Hungary,3556.4,1996,Total
Hungary,3559.8,1997,Total
Hungary,3623.0,1998,Total
Hungary,3762.4,1999,Total
Hungary,3781.5,2000,Total
Hungary,3841.2,2001,Total
Hungary,3847.1,2002,Total
Hungary,3899.4,2003,Total
Hungary,3869.1,2004,Total
Hungary,3878.6,2005,Total
Hungary,3904.0,2006,Total
Hungary,3872.5,2007,Total
Hungary,3818.0,2008,Total
Hungary,3717.3,2009,Total
Hungary,3701.3,2010,Total
Hungary,3724.2,2011,Total
Hungary,3792.8,2012,Total
Hungary,3860.0,2013,Total
Hungary,4069.9,2014,Total
Hungary,4175.8,2015,Total
Hungary,4309.4,2016,Total
Hungary,4373.4,2017,Total
Hungary,4401.4,2018,Total
Hungary,4419.2,2019,Total
Hungary,4346.6,2020,Total
Hungary,4511.2,2021,Total
Hungary,4560.8,2022,Total
Hungary,4577.3,2023,Total
Hungary,4573.8,2024,Total
Ireland,1229.3,1995,Total
Ireland,1275.5,1996,Total
Ireland,1340.6,1997,Total
Ireland,1460.1,1998,Total
Ireland,1555.2,1999,Total
Ireland,1637.2,2000,Total
Ireland,1687.9,2001,Total
Ireland,1728.0,2002,Total
Ireland,1758.0,2003,Total
Ireland,1801.7,2004,Total
Ireland,1915.1,2005,Total
Ireland,2004.6,2006,Total
Ireland,2177.0,2007,Total
Ireland,2152.3,2008,Total
Ireland,1970.0,2009,Total
Ireland,1879.0,2010,Total
Ireland,1840.3,2011,Total
Ireland,1830.7,2012,Total
Ireland,1885.0,2013,Total
Ireland,1932.8,2014,Total
Ireland,1994.7,2015,Total
Ireland,2066.4,2016,Total
Ireland,2125.1,2017,Total
Ireland,2180.0,2018,Total
Ireland,2238.5,2019,Total
Ireland,2203.9,2020,Total
Ireland,2325.0,2021,Total
Ireland,2490.9,2022,Total
Ireland,2570.7,2023,Total
Ireland,2636.3,2024,Total
Iceland,132.5,1995,Total
Iceland,133.0,1996,Total
Iceland,132.2,1997,Total
Iceland,137.7,1998,Total
Iceland,143.7,1999,Total
Iceland,150.2,2000,Total
Iceland,151.8,2001,Total
Iceland,150.1,2002,Total
Iceland,151.2,2003,Total
Iceland,150.6,2004,Total
Iceland,153.9,2005,Total
Iceland,162.0,2006,Total
Iceland,169.6,2007,Total
Iceland,170.6,2008,Total
Iceland,159.7,2009,Total
Iceland,158.8,2010,Total
Iceland,159.2,2011,Total
Iceland,160.8,2012,Total
Iceland,165.4,2013,Total
Iceland,168.9,2014,Total
Iceland,173.9,2015,Total
Iceland,179.7,2016,Total
Iceland,183.3,2017,Total
Iceland,187.6,2018,Total
Iceland,190.6,2019,Total
Iceland,184.6,2020,Total
Iceland,185.6,2021,Total
Iceland,198.8,2022,Total
Iceland,207.6,2023,Total
Iceland,216.6,2024,Total
Italy,19666.3,1995,Total
Italy,19764.3,1996,Total
Italy,19851.3,1997,Total
Italy,20050.7,1998,Total
Italy,20291.8,1999,Total
Italy,20619.9,2000,Total
Italy,21045.2,2001,Total
Italy,21416.3,2002,Total
Italy,21716.3,2003,Total
Italy,22044.7,2004,Total
Italy,22060.4,2005,Total
Italy,22388.3,2006,Total
Italy,22517.4,2007,Total
Italy,22698.6,2008,Total
Italy,22324.2,2009,Total
Italy,22151.6,2010,Total
Italy,22214.9,2011,Total
Italy,22149.2,2012,Total
Italy,21755.3,2013,Total
Italy,21809.5,2014,Total
Italy,21972.6,2015,Total
Italy,22241.1,2016,Total
Italy,22443.6,2017,Total
Italy,22355.9,2018,Total
Italy,22465.4,2019,Total
Italy,21943.4,2020,Total
Italy,21849.2,2021,Total
Italy,22412.5,2022,Total
Italy,22834.9,2023,Total
Italy,23150.0,2024,Total
Lithuania,1454.1,1998,Total
Lithuania,1457.1,1999,Total
Lithuania,1381.7,2000,Total
Lithuania,1343.1,2001,Total
Lithuania,1395.4,2002,Total
Lithuania,1442.7,2003,Total
Lithuania,1406.6,2004,Total
Lithuania,1413.7,2005,Total
Lithuania,1405.1,2006,Total
Lithuania,1422.5,2007,Total
Lithuania,1396.9,2008,Total
Lithuania,1289.7,2009,Total
Lithuania,1224.2,2010,Total
Lithuania,1225.7,2011,Total
Lithuania,1244.4,2012,Total
Lithuania,1264.3,2013,Total
Lithuania,1288.0,2014,Total
Lithuania,1300.6,2015,Total
Lithuania,1317.7,2016,Total
Lithuania,1305.6,2017,Total
Lithuania,1323.7,2018,Total
Lithuania,1324.3,2019,Total
Lithuania,1297.6,2020,Total
Lithuania,1309.8,2021,Total
Lithuania,1354.4,2022,Total
Lithuania,1368.0,2023,Total
Lithuania,1384.7,2024,Total
Luxembourg,161.0,1995,Total
Luxembourg,164.2,1996,Total
Luxembourg,167.9,1997,Total
Luxembourg,169.7,1998,Total
Luxembourg,175.5,1999,Total
Luxembourg,179.9,2000,Total
Luxembourg,184.9,2001,Total
Luxembourg,187.5,2002,Total
Luxembourg,186.2,2003,Total
Luxembourg,188.0,2004,Total
Luxembourg,193.2,2005,Total
Luxembourg,194.9,2006,Total
Luxembourg,202.6,2007,Total
Luxembourg,201.8,2008,Total
Luxembourg,214.8,2009,Total
Luxembourg,218.6,2010,Total
Luxembourg,222.4,2011,Total
Luxembourg,233.7,2012,Total
Luxembourg,236.1,2013,Total
Luxembourg,242.8,2014,Total
Luxembourg,255.2,2015,Total
Luxembourg,259.4,2016,Total
Luxembourg,269.9,2017,Total
Luxembourg,278.4,2018,Total
Luxembourg,287.3,2019,Total
Luxembourg,290.0,2020,Total
Luxembourg,302.8,2021,Total
Luxembourg,308.7,2022,Total
Luxembourg,317.7,2023,Total
Luxembourg,320.1,2024,Total
Latvia,957.8,1998,Total
Latvia,941.9,1999,Total
Latvia,918.2,2000,Total
Latvia,910.4,2001,Total
Latvia,925.3,2002,Total
Latvia,930.9,2003,Total
Latvia,927.5,2004,Total
Latvia,942.4,2005,Total
Latvia,991.6,2006,Total
Latvia,1015.6,2007,Total
Latvia,1008.8,2008,Total
Latvia,876.8,2009,Total
Latvia,828.8,2010,Total
Latvia,840.6,2011,Total
Latvia,851.8,2012,Total
Latvia,866.5,2013,Total
Latvia,858.6,2014,Total
Latvia,867.9,2015,Total
Latvia,862.3,2016,Total
Latvia,861.9,2017,Total
Latvia,873.3,2018,Total
Latvia,870.3,2019,Total
Latvia,852.2,2020,Total
Latvia,822.0,2021,Total
Latvia,840.0,2022,Total
Latvia,833.4,2023,Total
Latvia,824.6,2024,Total
Montenegro,193.3,2011,Total
Montenegro,198.1,2012,Total
Montenegro,199.9,2013,Total
Montenegro,213.2,2014,Total
Montenegro,217.0,2015,Total
Montenegro,219.3,2016,Total
Montenegro,223.9,2017,Total
Montenegro,231.1,2018,Total
Montenegro,237.3,2019,Total
Montenegro,213.3,2020,Total
North Macedonia,563.0,2006,Total
North Macedonia,582.6,2007,Total
North Macedonia,601.9,2008,Total
North Macedonia,623.1,2009,Total
North Macedonia,630.1,2010,Total
North Macedonia,638.9,2011,Total
North Macedonia,643.5,2012,Total
North Macedonia,673.0,2013,Total
North Macedonia,685.4,2014,Total
North Macedonia,697.2,2015,Total
North Macedonia,714.0,2016,Total
North Macedonia,733.4,2017,Total
North Macedonia,748.0,2018,Total
North Macedonia,788.2,2019,Total
North Macedonia,784.0,2020,Total
Malta,142.4,2000,Total
Malta,146.2,2001,Total
Malta,147.9,2002,Total
Malta,147.8,2003,Total
Malta,145.3,2004,Total
Malta,148.3,2005,Total
Malta,150.2,2006,Total
Malta,154.5,2007,Total
Malta,157.7,2008,Total
Malta,157.9,2009,Total
Malta,160.5,2010,Total
Malta,164.4,2011,Total
Malta,170.7,2012,Total
Malta,178.6,2013,Total
Malta,186.8,2014,Total
Malta,194.4,2015,Total
Malta,204.6,2016,Total
Malta,216.8,2017,Total
Malta,232.8,2018,Total
Malta,247.0,2019,Total
Malta,253.4,2020,Total
Malta,260.5,2021,Total
Malta,277.3,2022,Total
Malta,296.5,2023,Total
Malta,312.7,2024,Total
Netherlands,6727.6,1995,Total
Netherlands,6873.7,1996,Total
Netherlands,7125.9,1997,Total
Netherlands,7347.1,1998,Total
Netherlands,7551.6,1999,Total
Netherlands,7806.5,2000,Total
Netherlands,7995.9,2001,Total
Netherlands,8091.9,2002,Total
Netherlands,8051.9,2003,Total
Netherlands,8004.2,2004,Total
Netherlands,7726.3,2005,Total
Netherlands,7837.6,2006,Total
Netherlands,8057.4,2007,Total
Netherlands,8241.2,2008,Total
Netherlands,8220.3,2009,Total
Netherlands,8144.8,2010,Total
Netherlands,8152.2,2011,Total
Netherlands,8174.5,2012,Total
Netherlands,8103.6,2013,Total
Netherlands,8028.5,2014,Total
Netherlands,8115.5,2015,Total
Netherlands,8223.4,2016,Total
Netherlands,8376.4,2017,Total
Netherlands,8543.3,2018,Total
Netherlands,8689.2,2019,Total
Netherlands,8681.0,2020,Total
Netherlands,8975.1,2021,Total
Netherlands,9233.9,2022,Total
Netherlands,9386.9,2023,Total
Netherlands,9412.9,2024,Total
Norway,2006.9,1995,Total
Norway,2074.6,1996,Total
Norway,2133.8,1997,Total
Norway,2201.6,1998,Total
Norway,2218.2,1999,Total
Norway,2238.5,2000,Total
Norway,2241.3,2001,Total
Norway,2257.7,2002,Total
Norway,2224.8,2003,Total
Norway,2233.3,2004,Total
Norway,2242.9,2005,Total
Norway,2307.7,2006,Total
Norway,2383.3,2007,Total
Norway,2457.4,2008,Total
Norway,2437.4,2009,Total
Norway,2431.7,2010,Total
Norway,2460.5,2011,Total
Norway,2505.5,2012,Total
Norway,2519.7,2013,Total
Norway,2536.6,2014,Total
Norway,2544.5,2015,Total
Norway,2544.6,2016,Total
Norway,2549.6,2017,Total
Norway,2587.4,2018,Total
Norway,2615.8,2019,Total
Norway,2605.2,2020,Total
Norway,2657.9,2021,Total
Norway,2729.3,2022,Total
Norway,2752.9,2023,Total
Norway,2767.4,2024,Total
Poland,14636.5,1997,Total
Poland,14878.4,1998,Total
Poland,14522.5,1999,Total
Poland,14145.4,2000,Total
Poland,13906.4,2001,Total
Poland,13508.8,2002,Total
Poland,13379.5,2003,Total
Poland,13420.0,2004,Total
Poland,13834.2,2005,Total
Poland,14338.4,2006,Total
Poland,14996.5,2007,Total
Poland,15557.4,2008,Total
Poland,15629.5,2009,Total
Poland,15233.0,2010,Total
Poland,15312.8,2011,Total
Poland,15340.3,2012,Total
Poland,15313.3,2013,Total
Poland,15591.0,2014,Total
Poland,15811.6,2015,Total
Poland,15901.8,2016,Total
Poland,16078.8,2017,Total
Poland,16133.4,2018,Total
Poland,16549.3,2019,Total
Poland,16557.0,2020,Total
Poland,16742.9,2021,Total
Poland,16811.0,2022,Total
Poland,16865.1,2023,Total
Poland,16771.3,2024,Total
Portugal,4209.8,1995,Total
Portugal,4192.2,1996,Total
Portugal,4254.2,1997,Total
Portugal,4589.4,1998,Total
Portugal,4642.6,1999,Total
Portugal,4724.3,2000,Total
Portugal,4799.0,2001,Total
Portugal,4836.8,2002,Total
Portugal,4770.2,2003,Total
Portugal,4751.0,2004,Total
Portugal,4723.0,2005,Total
Portugal,4750.6,2006,Total
Portugal,4756.1,2007,Total
Portugal,4785.7,2008,Total
Portugal,4644.9,2009,Total
Portugal,4576.5,2010,Total
Portugal,4446.6,2011,Total
Portugal,4248.4,2012,Total
Portugal,4152.3,2013,Total
Portugal,4254.8,2014,Total
Portugal,4313.2,2015,Total
Portugal,4380.4,2016,Total
Portugal,4524.6,2017,Total
Portugal,4627.3,2018,Total
Portugal,4664.0,2019,Total
Portugal,4552.5,2020,Total
Portugal,4596.6,2021,Total
Portugal,4727.0,2022,Total
Portugal,4823.0,2023,Total
Portugal,4882.2,2024,Total
Romania,10175.6,1997,Total
Romania,10013.3,1998,Total
Romania,9869.7,1999,Total
Romania,9765.0,2000,Total
Romania,9674.1,2001,Total
Romania,8974.5,2002,Total
Romania,8764.5,2003,Total
Romania,8787.5,2004,Total
Romania,8651.3,2005,Total
Romania,8837.6,2006,Total
Romania,8842.5,2007,Total
Romania,8882.2,2008,Total
Romania,8804.7,2009,Total
Romania,8306.7,2010,Total
Romania,8139.4,2011,Total
Romania,8221.6,2012,Total
Romania,8178.9,2013,Total
Romania,8254.4,2014,Total
Romania,8234.8,2015,Total
Romania,8166.1,2016,Total
Romania,8363.2,2017,Total
Romania,8381.8,2018,Total
Romania,8407.9,2019,Total
Romania,8272.2,2020,Total
Romania,7667.6,2021,Total
Romania,7728.3,2022,Total
Romania,7613.5,2023,Total
Romania,7771.4,2024,Total
Serbia,2273.9,2010,Total
Serbia,2161.9,2011,Total
Serbia,2134.9,2012,Total
Serbia,2187.5,2013,Total
Serbia,2443.0,2014,Total
Serbia,2470.0,2015,Total
Serbia,2579.5,2016,Total
Serbia,2647.9,2017,Total
Serbia,2685.4,2018,Total
Serbia,2733.2,2019,Total
Serbia,2724.1,2020,Total
Serbia,2643.3,2021,Total
Serbia,2706.6,2022,Total
Serbia,2710.9,2023,Total
Serbia,2747.9,2024,Total
Sweden,3980.5,1995,Total
Sweden,3926.0,1996,Total
Sweden,3859.6,1997,Total
Sweden,3884.8,1998,Total
Sweden,3997.6,1999,Total
Sweden,4050.4,2000,Total
Sweden,4266.9,2001,Total
Sweden,4271.5,2002,Total
Sweden,4278.9,2003,Total
Sweden,4240.8,2004,Total
Sweden,4263.2,2005,Total
Sweden,4351.9,2006,Total
Sweden,4453.3,2007,Total
Sweden,4493.8,2008,Total
Sweden,4391.4,2009,Total
Sweden,4403.1,2010,Total
Sweden,4498.1,2011,Total
Sweden,4509.6,2012,Total
Sweden,4554.3,2013,Total
Sweden,4597.5,2014,Total
Sweden,4659.9,2015,Total
Sweden,4735.6,2016,Total
Sweden,4833.9,2017,Total
Sweden,4910.2,2018,Total
Sweden,4938.5,2019,Total
Sweden,4862.6,2020,Total
Sweden,4841.9,2021,Total
Sweden,4996.3,2022,Total
Sweden,5059.0,2023,Total
Sweden,5024.0,2024,Total
Slovenia,856.9,1996,Total
Slovenia,868.7,1997,Total
Slovenia,878.0,1998,Total
Slovenia,862.5,1999,Total
Slovenia,872.9,2000,Total
Slovenia,890.3,2001,Total
Slovenia,899.9,2002,Total
Slovenia,877.1,2003,Total
Slovenia,924.3,2004,Total
Slovenia,924.9,2005,Total
Slovenia,936.7,2006,Total
Slovenia,957.0,2007,Total
Slovenia,975.2,2008,Total
Slovenia,954.8,2009,Total
Slovenia,941.5,2010,Total
Slovenia,914.8,2011,Total
Slovenia,906.5,2012,Total
Slovenia,888.1,2013,Total
Slovenia,892.5,2014,Total
Slovenia,901.6,2015,Total
Slovenia,902.5,2016,Total
Slovenia,943.5,2017,Total
Slovenia,961.9,2018,Total
Slovenia,969.7,2019,Total
Slovenia,964.7,2020,Total
Slovenia,954.3,2021,Total
Slovenia,966.6,2022,Total
Slovenia,970.4,2023,Total
Slovenia,980.4,2024,Total
Slovakia,2194.4,1998,Total
Slovakia,2121.2,1999,Total
Slovakia,2078.3,2000,Total
Slovakia,2110.1,2001,Total
Slovakia,2105.9,2002,Total
Slovakia,2159.9,2003,Total
Slovakia,2141.4,2004,Total
Slovakia,2207.1,2005,Total
Slovakia,2295.2,2006,Total
Slovakia,2350.5,2007,Total
Slovakia,2423.4,2008,Total
Slovakia,2356.6,2009,Total
Slovakia,2307.2,2010,Total
Slovakia,2303.2,2011,Total
Slovakia,2317.2,2012,Total
Slovakia,2317.7,2013,Total
Slovakia,2349.2,2014,Total
Slovakia,2405.1,2015,Total
Slovakia,2471.7,2016,Total
Slovakia,2502.1,2017,Total
Slovakia,2533.3,2018,Total
Slovakia,2543.8,2019,Total
Slovakia,2490.9,2020,Total
Slovakia,2521.7,2021,Total
Slovakia,2559.9,2022,Total
Slovakia,2559.9,2023,Total
Slovakia,2562.6,2024,Total
Türkiye,19884.6,2006,Total
Türkiye,20218.7,2007,Total
Türkiye,20633.3,2008,Total
Türkiye,20697.6,2009,Total
Türkiye,22002.6,2010,Total
Türkiye,23450.0,2011,Total
Türkiye,24170.9,2012,Total
Türkiye,24855.5,2013,Total
Türkiye,25257.3,2014,Total
Türkiye,25885.5,2015,Total
Türkiye,26471.8,2016,Total
Türkiye,27393.0,2017,Total
Türkiye,27881.8,2018,Total
Türkiye,27229.9,2019,Total
Türkiye,26052.9,2020,Total
Türkiye,27928.4,2021,Total
Türkiye,29755.2,2022,Total
Türkiye,30598.3,2023,Total
Türkiye,31470.8,2024,Total
United Kingdom,25542.6,1995,Total
United Kingdom,25859.9,1996,Total
United Kingdom,26312.8,1997,Total
United Kingdom,26607.9,1998,Total
United Kingdom,26409.5,1999,Total
United Kingdom,26804.4,2000,Total
United Kingdom,27114.2,2001,Total
United Kingdom,27253.7,2002,Total
United Kingdom,27516.8,2003,Total
United Kingdom,27763.2,2004,Total
United Kingdom,28162.4,2005,Total
United Kingdom,28417.3,2006,Total
United Kingdom,28621.9,2007,Total
United Kingdom,28827.3,2008,Total
United Kingdom,28318.6,2009,Total
United Kingdom,28289.6,2010,Total
United Kingdom,28404.2,2011,Total
United Kingdom,28649.9,2012,Total
United Kingdom,28916.6,2013,Total
United Kingdom,29558.8,2014,Total
United Kingdom,30019.6,2015,Total
United Kingdom,30443.6,2016,Total
United Kingdom,30785.5,2017,Total
United Kingdom,31112.0,2018,Total
United Kingdom,31382.2,2019,Total
