citizen,geo,Time period,Income
EU27 countries (from 2020) except reporting country,Albania,2021,3454
EU27 countries (from 2020) except reporting country,Austria,2015,17608
EU27 countries (from 2020) except reporting country,Austria,2016,18004
EU27 countries (from 2020) except reporting country,Austria,2017,20465
EU27 countries (from 2020) except reporting country,Austria,2018,20823
EU27 countries (from 2020) except reporting country,Austria,2019,21977
EU27 countries (from 2020) except reporting country,Austria,2020,22009
EU27 countries (from 2020) except reporting country,Austria,2021,22707
EU27 countries (from 2020) except reporting country,Austria,2022,24061
EU27 countries (from 2020) except reporting country,Austria,2023,28099
EU27 countries (from 2020) except reporting country,Belgium,2015,20003
EU27 countries (from 2020) except reporting country,Belgium,2016,20033
EU27 countries (from 2020) except reporting country,Belgium,2017,20439
EU27 countries (from 2020) except reporting country,Belgium,2018,20915
EU27 countries (from 2020) except reporting country,Belgium,2019,21928
EU27 countries (from 2020) except reporting country,Belgium,2020,23812
EU27 countries (from 2020) except reporting country,Belgium,2021,23694
EU27 countries (from 2020) except reporting country,Belgium,2022,25395
EU27 countries (from 2020) except reporting country,Belgium,2023,26767
EU27 countries (from 2020) except reporting country,Belgium,2024,28485
EU27 countries (from 2020) except reporting country,Bulgaria,2021,3399
EU27 countries (from 2020) except reporting country,Switzerland,2015,39740
EU27 countries (from 2020) except reporting country,Switzerland,2016,45192
EU27 countries (from 2020) except reporting country,Switzerland,2017,44162
EU27 countries (from 2020) except reporting country,Switzerland,2018,42911
EU27 countries (from 2020) except reporting country,Switzerland,2019,43063
EU27 countries (from 2020) except reporting country,Switzerland,2020,44447
EU27 countries (from 2020) except reporting country,Switzerland,2021,45592
EU27 countries (from 2020) except reporting country,Switzerland,2022,46717
EU27 countries (from 2020) except reporting country,Switzerland,2023,52820
EU27 countries (from 2020) except reporting country,Cyprus,2015,10487
EU27 countries (from 2020) except reporting country,Cyprus,2016,10667
EU27 countries (from 2020) except reporting country,Cyprus,2017,11208
EU27 countries (from 2020) except reporting country,Cyprus,2018,12891
EU27 countries (from 2020) except reporting country,Cyprus,2019,12887
EU27 countries (from 2020) except reporting country,Cyprus,2020,13865
EU27 countries (from 2020) except reporting country,Cyprus,2021,13554
EU27 countries (from 2020) except reporting country,Cyprus,2022,15056
EU27 countries (from 2020) except reporting country,Cyprus,2023,15751
EU27 countries (from 2020) except reporting country,Cyprus,2024,17365
EU27 countries (from 2020) except reporting country,Czechia,2015,8018
EU27 countries (from 2020) except reporting country,Czechia,2016,8610
EU27 countries (from 2020) except reporting country,Czechia,2017,9786
EU27 countries (from 2020) except reporting country,Czechia,2018,11179
EU27 countries (from 2020) except reporting country,Czechia,2019,12293
EU27 countries (from 2020) except reporting country,Czechia,2020,12795
EU27 countries (from 2020) except reporting country,Czechia,2021,10235
EU27 countries (from 2020) except reporting country,Czechia,2022,11481
EU27 countries (from 2020) except reporting country,Czechia,2023,16338
EU27 countries (from 2020) except reporting country,Czechia,2024,17149
EU27 countries (from 2020) except reporting country,Germany,2015,21156
EU27 countries (from 2020) except reporting country,Germany,2016,20467
EU27 countries (from 2020) except reporting country,Germany,2017,21915
EU27 countries (from 2020) except reporting country,Germany,2018,21673
EU27 countries (from 2020) except reporting country,Germany,2019,25288
EU27 countries (from 2020) except reporting country,Germany,2020,22833
EU27 countries (from 2020) except reporting country,Germany,2021,21817
EU27 countries (from 2020) except reporting country,Germany,2022,21693
EU27 countries (from 2020) except reporting country,Germany,2023,23627
EU27 countries (from 2020) except reporting country,Germany,2024,24200
EU27 countries (from 2020) except reporting country,Denmark,2015,23533
EU27 countries (from 2020) except reporting country,Denmark,2016,24587
EU27 countries (from 2020) except reporting country,Denmark,2017,27148
EU27 countries (from 2020) except reporting country,Denmark,2018,26493
EU27 countries (from 2020) except reporting country,Denmark,2019,27881
EU27 countries (from 2020) except reporting country,Denmark,2020,29812
EU27 countries (from 2020) except reporting country,Denmark,2021,30195
EU27 countries (from 2020) except reporting country,Denmark,2022,31505
EU27 countries (from 2020) except reporting country,Denmark,2023,32973
EU27 countries (from 2020) except reporting country,Denmark,2024,33185
EU27 countries (from 2020) except reporting country,Estonia,2015,6978
EU27 countries (from 2020) except reporting country,Estonia,2016,7482
EU27 countries (from 2020) except reporting country,Estonia,2017,8966
EU27 countries (from 2020) except reporting country,Estonia,2018,10782
EU27 countries (from 2020) except reporting country,Estonia,2019,12404
EU27 countries (from 2020) except reporting country,Estonia,2020,12513
EU27 countries (from 2020) except reporting country,Estonia,2021,12847
EU27 countries (from 2020) except reporting country,Estonia,2022,16034
EU27 countries (from 2020) except reporting country,Estonia,2023,14853
EU27 countries (from 2020) except reporting country,Estonia,2024,17318
EU27 countries (from 2020) except reporting country,Greece,2015,5850
EU27 countries (from 2020) except reporting country,Greece,2016,6261
EU27 countries (from 2020) except reporting country,Greece,2017,6376
EU27 countries (from 2020) except reporting country,Greece,2018,7200
EU27 countries (from 2020) except reporting country,Greece,2019,8051
EU27 countries (from 2020) except reporting country,Greece,2020,7386
EU27 countries (from 2020) except reporting country,Greece,2021,7583
EU27 countries (from 2020) except reporting country,Greece,2022,9273
EU27 countries (from 2020) except reporting country,Greece,2023,10190
EU27 countries (from 2020) except reporting country,Spain,2015,11058
EU27 countries (from 2020) except reporting country,Spain,2016,8843
EU27 countries (from 2020) except reporting country,Spain,2017,11257
EU27 countries (from 2020) except reporting country,Spain,2018,9661
EU27 countries (from 2020) except reporting country,Spain,2019,9897
EU27 countries (from 2020) except reporting country,Spain,2020,12610
EU27 countries (from 2020) except reporting country,Spain,2021,13150
EU27 countries (from 2020) except reporting country,Spain,2022,12930
EU27 countries (from 2020) except reporting country,Spain,2023,14998
EU27 countries (from 2020) except reporting country,Spain,2024,16683
EU27 countries (from 2020) except reporting country,Finland,2015,22417
EU27 countries (from 2020) except reporting country,Finland,2016,20349
EU27 countries (from 2020) except reporting country,Finland,2017,23292
EU27 countries (from 2020) except reporting country,Finland,2018,25382
EU27 countries (from 2020) except reporting country,Finland,2019,22787
EU27 countries (from 2020) except reporting country,Finland,2020,23358
EU27 countries (from 2020) except reporting country,Finland,2021,24327
EU27 countries (from 2020) except reporting country,Finland,2022,22643
EU27 countries (from 2020) except reporting country,Finland,2023,26630
EU27 countries (from 2020) except reporting country,Finland,2024,29116
EU27 countries (from 2020) except reporting country,France,2015,20120
EU27 countries (from 2020) except reporting country,France,2016,19762
EU27 countries (from 2020) except reporting country,France,2017,21157
EU27 countries (from 2020) except reporting country,France,2018,19371
EU27 countries (from 2020) except reporting country,France,2019,19100
EU27 countries (from 2020) except reporting country,France,2020,20043
EU27 countries (from 2020) except reporting country,France,2021,21151
EU27 countries (from 2020) except reporting country,France,2022,20228
EU27 countries (from 2020) except reporting country,France,2023,21790
EU27 countries (from 2020) except reporting country,Croatia,2015,8486
EU27 countries (from 2020) except reporting country,Croatia,2016,10018
EU27 countries (from 2020) except reporting country,Croatia,2017,10299
EU27 countries (from 2020) except reporting country,Croatia,2018,8004
EU27 countries (from 2020) except reporting country,Croatia,2019,8531
EU27 countries (from 2020) except reporting country,Croatia,2020,9954
EU27 countries (from 2020) except reporting country,Croatia,2021,10327
EU27 countries (from 2020) except reporting country,Croatia,2022,10970
EU27 countries (from 2020) except reporting country,Croatia,2023,10605
EU27 countries (from 2020) except reporting country,Hungary,2015,3934
EU27 countries (from 2020) except reporting country,Hungary,2016,6221
EU27 countries (from 2020) except reporting country,Hungary,2017,3763
EU27 countries (from 2020) except reporting country,Hungary,2018,5182
EU27 countries (from 2020) except reporting country,Hungary,2019,8574
EU27 countries (from 2020) except reporting country,Hungary,2021,6937
EU27 countries (from 2020) except reporting country,Hungary,2022,10324
EU27 countries (from 2020) except reporting country,Hungary,2023,9413
EU27 countries (from 2020) except reporting country,Hungary,2024,10612
EU27 countries (from 2020) except reporting country,Ireland,2015,20412
EU27 countries (from 2020) except reporting country,Ireland,2016,21365
EU27 countries (from 2020) except reporting country,Ireland,2017,22000
EU27 countries (from 2020) except reporting country,Ireland,2018,24656
EU27 countries (from 2020) except reporting country,Ireland,2019,25078
EU27 countries (from 2020) except reporting country,Ireland,2020,24243
EU27 countries (from 2020) except reporting country,Ireland,2021,27337
EU27 countries (from 2020) except reporting country,Ireland,2022,25872
EU27 countries (from 2020) except reporting country,Ireland,2023,27358
EU27 countries (from 2020) except reporting country,Iceland,2015,22351
EU27 countries (from 2020) except reporting country,Iceland,2016,24039
EU27 countries (from 2020) except reporting country,Iceland,2017,28420
EU27 countries (from 2020) except reporting country,Iceland,2018,36551
EU27 countries (from 2020) except reporting country,Iceland,2019,35819
EU27 countries (from 2020) except reporting country,Iceland,2020,35372
EU27 countries (from 2020) except reporting country,Italy,2015,11947
EU27 countries (from 2020) except reporting country,Italy,2016,11430
EU27 countries (from 2020) except reporting country,Italy,2017,13480
EU27 countries (from 2020) except reporting country,Italy,2018,12393
EU27 countries (from 2020) except reporting country,Italy,2019,13337
EU27 countries (from 2020) except reporting country,Italy,2020,14580
EU27 countries (from 2020) except reporting country,Italy,2021,13000
EU27 countries (from 2020) except reporting country,Italy,2022,15725
EU27 countries (from 2020) except reporting country,Italy,2023,15896
EU27 countries (from 2020) except reporting country,Italy,2024,15600
EU27 countries (from 2020) except reporting country,Luxembourg,2015,30471
EU27 countries (from 2020) except reporting country,Luxembourg,2016,29394
EU27 countries (from 2020) except reporting country,Luxembourg,2017,32523
EU27 countries (from 2020) except reporting country,Luxembourg,2018,30601
EU27 countries (from 2020) except reporting country,Luxembourg,2019,33452
EU27 countries (from 2020) except reporting country,Luxembourg,2020,34152
EU27 countries (from 2020) except reporting country,Luxembourg,2021,38529
EU27 countries (from 2020) except reporting country,Luxembourg,2022,43629
EU27 countries (from 2020) except reporting country,Luxembourg,2023,43149
EU27 countries (from 2020) except reporting country,Luxembourg,2024,47810
EU27 countries (from 2020) except reporting country,Latvia,2015,6079
EU27 countries (from 2020) except reporting country,Latvia,2016,5894
EU27 countries (from 2020) except reporting country,Latvia,2017,8756
EU27 countries (from 2020) except reporting country,Latvia,2018,8887
EU27 countries (from 2020) except reporting country,Latvia,2019,10303
EU27 countries (from 2020) except reporting country,Latvia,2020,9733
EU27 countries (from 2020) except reporting country,Latvia,2021,10725
EU27 countries (from 2020) except reporting country,Latvia,2022,13576
EU27 countries (from 2020) except reporting country,Latvia,2023,13835
EU27 countries (from 2020) except reporting country,Latvia,2024,13952
EU27 countries (from 2020) except reporting country,Montenegro,2017,3690
EU27 countries (from 2020) except reporting country,Montenegro,2018,5251
EU27 countries (from 2020) except reporting country,Montenegro,2019,4698
EU27 countries (from 2020) except reporting country,Montenegro,2020,5469
EU27 countries (from 2020) except reporting country,Montenegro,2021,5167
EU27 countries (from 2020) except reporting country,Montenegro,2022,5643
EU27 countries (from 2020) except reporting country,Malta,2015,15212
EU27 countries (from 2020) except reporting country,Malta,2016,16844
EU27 countries (from 2020) except reporting country,Malta,2017,17697
EU27 countries (from 2020) except reporting country,Malta,2018,18108
EU27 countries (from 2020) except reporting country,Malta,2019,16060
EU27 countries (from 2020) except reporting country,Malta,2020,19404
EU27 countries (from 2020) except reporting country,Malta,2021,21486
EU27 countries (from 2020) except reporting country,Malta,2022,22541
EU27 countries (from 2020) except reporting country,Malta,2023,24534
EU27 countries (from 2020) except reporting country,Netherlands,2015,21179
EU27 countries (from 2020) except reporting country,Netherlands,2016,21384
EU27 countries (from 2020) except reporting country,Netherlands,2017,22359
EU27 countries (from 2020) except reporting country,Netherlands,2018,22755
EU27 countries (from 2020) except reporting country,Netherlands,2019,24015
EU27 countries (from 2020) except reporting country,Netherlands,2020,22553
EU27 countries (from 2020) except reporting country,Netherlands,2021,24994
EU27 countries (from 2020) except reporting country,Netherlands,2022,29401
EU27 countries (from 2020) except reporting country,Netherlands,2023,26255
EU27 countries (from 2020) except reporting country,Netherlands,2024,29095
EU27 countries (from 2020) except reporting country,Norway,2015,38008
EU27 countries (from 2020) except reporting country,Norway,2016,37145
EU27 countries (from 2020) except reporting country,Norway,2017,36236
EU27 countries (from 2020) except reporting country,Norway,2018,35529
EU27 countries (from 2020) except reporting country,Norway,2019,36742
EU27 countries (from 2020) except reporting country,Norway,2020,39430
EU27 countries (from 2020) except reporting country,Norway,2021,35540
EU27 countries (from 2020) except reporting country,Norway,2022,37154
EU27 countries (from 2020) except reporting country,Norway,2023,41097
EU27 countries (from 2020) except reporting country,Norway,2024,39105
EU27 countries (from 2020) except reporting country,Poland,2022,12551
EU27 countries (from 2020) except reporting country,Poland,2023,14148
EU27 countries (from 2020) except reporting country,Portugal,2015,10881
EU27 countries (from 2020) except reporting country,Portugal,2016,10333
EU27 countries (from 2020) except reporting country,Portugal,2017,8880
EU27 countries (from 2020) except reporting country,Portugal,2018,9686
EU27 countries (from 2020) except reporting country,Portugal,2019,10826
EU27 countries (from 2020) except reporting country,Portugal,2020,12595
EU27 countries (from 2020) except reporting country,Portugal,2021,11557
EU27 countries (from 2020) except reporting country,Portugal,2022,10979
EU27 countries (from 2020) except reporting country,Portugal,2023,10300
EU27 countries (from 2020) except reporting country,Serbia,2015,3033
EU27 countries (from 2020) except reporting country,Serbia,2016,2650
EU27 countries (from 2020) except reporting country,Serbia,2017,3481
EU27 countries (from 2020) except reporting country,Serbia,2018,3165
EU27 countries (from 2020) except reporting country,Serbia,2019,3585
EU27 countries (from 2020) except reporting country,Serbia,2020,3835
EU27 countries (from 2020) except reporting country,Serbia,2021,2532
EU27 countries (from 2020) except reporting country,Serbia,2022,3732
EU27 countries (from 2020) except reporting country,Serbia,2023,5635
EU27 countries (from 2020) except reporting country,Sweden,2015,21795
EU27 countries (from 2020) except reporting country,Sweden,2016,22639
EU27 countries (from 2020) except reporting country,Sweden,2017,22370
EU27 countries (from 2020) except reporting country,Sweden,2018,23625
EU27 countries (from 2020) except reporting country,Sweden,2019,21180
EU27 countries (from 2020) except reporting country,Sweden,2020,23974
EU27 countries (from 2020) except reporting country,Sweden,2021,24002
EU27 countries (from 2020) except reporting country,Sweden,2022,25746
EU27 countries (from 2020) except reporting country,Sweden,2023,27498
EU27 countries (from 2020) except reporting country,Sweden,2024,25270
EU27 countries (from 2020) except reporting country,Slovenia,2015,9504
EU27 countries (from 2020) except reporting country,Slovenia,2016,9923
EU27 countries (from 2020) except reporting country,Slovenia,2017,11518
EU27 countries (from 2020) except reporting country,Slovenia,2018,12648
EU27 countries (from 2020) except reporting country,Slovenia,2019,12901
EU27 countries (from 2020) except reporting country,Slovenia,2020,12453
EU27 countries (from 2020) except reporting country,Slovenia,2021,12807
EU27 countries (from 2020) except reporting country,Slovenia,2022,13225
EU27 countries (from 2020) except reporting country,Slovenia,2023,14984
EU27 countries (from 2020) except reporting country,Slovenia,2024,16213
EU27 countries (from 2020) except reporting country,Slovakia,2015,6286
EU27 countries (from 2020) except reporting country,Slovakia,2016,6122
EU27 countries (from 2020) except reporting country,Slovakia,2017,6850
EU27 countries (from 2020) except reporting country,Slovakia,2019,7849
EU27 countries (from 2020) except reporting country,Slovakia,2020,9422
EU27 countries (from 2020) except reporting country,Slovakia,2021,10053
EU27 countries (from 2020) except reporting country,Slovakia,2022,9104
EU27 countries (from 2020) except reporting country,Slovakia,2023,10161
EU27 countries (from 2020) except reporting country,Türkiye,2015,7653
EU27 countries (from 2020) except reporting country,Türkiye,2016,5548
EU27 countries (from 2020) except reporting country,Türkiye,2022,6605
EU27 countries (from 2020) except reporting country,Türkiye,2023,5799
EU27 countries (from 2020) except reporting country,United Kingdom,2015,20696
EU27 countries (from 2020) except reporting country,United Kingdom,2016,22369
EU27 countries (from 2020) except reporting country,United Kingdom,2017,19596
EU27 countries (from 2020) except reporting country,United Kingdom,2018,22629
EU27 countries (from 2020) except reporting country,Kosovo*,2018,4325
EU28 countries (2013-2020) except reporting country,Austria,2015,17536
EU28 countries (2013-2020) except reporting country,Austria,2016,18027
EU28 countries (2013-2020) except reporting country,Austria,2017,20465
EU28 countries (2013-2020) except reporting country,Austria,2018,20886
EU28 countries (2013-2020) except reporting country,Austria,2019,21977
EU28 countries (2013-2020) except reporting country,Austria,2020,22388
EU28 countries (2013-2020) except reporting country,Austria,2021,22707
EU28 countries (2013-2020) except reporting country,Austria,2022,24061
EU28 countries (2013-2020) except reporting country,Belgium,2015,20113
EU28 countries (2013-2020) except reporting country,Belgium,2016,20716
EU28 countries (2013-2020) except reporting country,Belgium,2017,20985
EU28 countries (2013-2020) except reporting country,Belgium,2018,20953
EU28 countries (2013-2020) except reporting country,Belgium,2019,22052
EU28 countries (2013-2020) except reporting country,Belgium,2020,23955
EU28 countries (2013-2020) except reporting country,Belgium,2021,23876
EU28 countries (2013-2020) except reporting country,Belgium,2022,25395
EU28 countries (2013-2020) except reporting country,Belgium,2023,26865
EU28 countries (2013-2020) except reporting country,Bulgaria,2021,3399
EU28 countries (2013-2020) except reporting country,Switzerland,2015,39754
EU28 countries (2013-2020) except reporting country,Switzerland,2016,45487
EU28 countries (2013-2020) except reporting country,Switzerland,2017,44349
EU28 countries (2013-2020) except reporting country,Switzerland,2018,42911
EU28 countries (2013-2020) except reporting country,Switzerland,2019,43034
EU28 countries (2013-2020) except reporting country,Switzerland,2020,44475
EU28 countries (2013-2020) except reporting country,Switzerland,2021,45890
EU28 countries (2013-2020) except reporting country,Cyprus,2015,11520
EU28 countries (2013-2020) except reporting country,Cyprus,2016,11733
EU28 countries (2013-2020) except reporting country,Cyprus,2017,12203
EU28 countries (2013-2020) except reporting country,Cyprus,2018,13181
EU28 countries (2013-2020) except reporting country,Cyprus,2019,13386
EU28 countries (2013-2020) except reporting country,Cyprus,2020,14553
EU28 countries (2013-2020) except reporting country,Cyprus,2021,13833
EU28 countries (2013-2020) except reporting country,Cyprus,2022,15020
EU28 countries (2013-2020) except reporting country,Czechia,2015,8018
EU28 countries (2013-2020) except reporting country,Czechia,2016,8610
EU28 countries (2013-2020) except reporting country,Czechia,2017,9786
EU28 countries (2013-2020) except reporting country,Czechia,2018,11065
EU28 countries (2013-2020) except reporting country,Czechia,2019,12183
EU28 countries (2013-2020) except reporting country,Czechia,2020,12851
EU28 countries (2013-2020) except reporting country,Czechia,2021,10232
EU28 countries (2013-2020) except reporting country,Czechia,2022,11658
EU28 countries (2013-2020) except reporting country,Germany,2015,21405
EU28 countries (2013-2020) except reporting country,Germany,2016,20584
EU28 countries (2013-2020) except reporting country,Germany,2017,22204
EU28 countries (2013-2020) except reporting country,Germany,2018,22283
EU28 countries (2013-2020) except reporting country,Germany,2019,25220
EU28 countries (2013-2020) except reporting country,Germany,2020,22833
EU28 countries (2013-2020) except reporting country,Germany,2021,21823
EU28 countries (2013-2020) except reporting country,Germany,2022,21720
EU28 countries (2013-2020) except reporting country,Denmark,2015,23533
EU28 countries (2013-2020) except reporting country,Denmark,2016,26191
EU28 countries (2013-2020) except reporting country,Denmark,2017,27148
EU28 countries (2013-2020) except reporting country,Denmark,2018,26493
EU28 countries (2013-2020) except reporting country,Denmark,2019,27881
EU28 countries (2013-2020) except reporting country,Denmark,2020,29920
EU28 countries (2013-2020) except reporting country,Denmark,2021,30994
EU28 countries (2013-2020) except reporting country,Denmark,2022,31520
EU28 countries (2013-2020) except reporting country,Estonia,2015,6978
EU28 countries (2013-2020) except reporting country,Estonia,2016,7482
EU28 countries (2013-2020) except reporting country,Estonia,2017,8966
EU28 countries (2013-2020) except reporting country,Estonia,2018,10871
EU28 countries (2013-2020) except reporting country,Estonia,2019,11542
EU28 countries (2013-2020) except reporting country,Estonia,2020,12617
EU28 countries (2013-2020) except reporting country,Estonia,2021,13740
EU28 countries (2013-2020) except reporting country,Estonia,2022,15433
EU28 countries (2013-2020) except reporting country,Greece,2015,6028
EU28 countries (2013-2020) except reporting country,Greece,2016,6720
EU28 countries (2013-2020) except reporting country,Greece,2017,7073
EU28 countries (2013-2020) except reporting country,Greece,2018,7267
EU28 countries (2013-2020) except reporting country,Greece,2019,8400
EU28 countries (2013-2020) except reporting country,Greece,2020,7828
EU28 countries (2013-2020) except reporting country,Greece,2021,8097
EU28 countries (2013-2020) except reporting country,Greece,2022,9273
EU28 countries (2013-2020) except reporting country,Spain,2015,10824
EU28 countries (2013-2020) except reporting country,Spain,2016,8849
EU28 countries (2013-2020) except reporting country,Spain,2017,10851
EU28 countries (2013-2020) except reporting country,Spain,2018,9774
EU28 countries (2013-2020) except reporting country,Spain,2019,9897
EU28 countries (2013-2020) except reporting country,Spain,2020,12957
EU28 countries (2013-2020) except reporting country,Spain,2021,13044
EU28 countries (2013-2020) except reporting country,Spain,2022,12528
EU28 countries (2013-2020) except reporting country,Finland,2015,22698
EU28 countries (2013-2020) except reporting country,Finland,2016,21191
EU28 countries (2013-2020) except reporting country,Finland,2017,23860
EU28 countries (2013-2020) except reporting country,Finland,2018,25382
EU28 countries (2013-2020) except reporting country,Finland,2019,22787
EU28 countries (2013-2020) except reporting country,Finland,2020,23378
EU28 countries (2013-2020) except reporting country,Finland,2021,24327
EU28 countries (2013-2020) except reporting country,Finland,2022,22643
EU28 countries (2013-2020) except reporting country,France,2015,19982
EU28 countries (2013-2020) except reporting country,France,2016,19695
EU28 countries (2013-2020) except reporting country,France,2017,20838
EU28 countries (2013-2020) except reporting country,France,2018,19050
EU28 countries (2013-2020) except reporting country,France,2019,19531
EU28 countries (2013-2020) except reporting country,France,2020,20284
EU28 countries (2013-2020) except reporting country,France,2021,21151
EU28 countries (2013-2020) except reporting country,France,2022,20100
EU28 countries (2013-2020) except reporting country,Croatia,2015,8375
EU28 countries (2013-2020) except reporting country,Croatia,2016,9914
EU28 countries (2013-2020) except reporting country,Croatia,2017,10301
EU28 countries (2013-2020) except reporting country,Croatia,2018,8080
EU28 countries (2013-2020) except reporting country,Croatia,2019,8843
EU28 countries (2013-2020) except reporting country,Croatia,2020,10282
EU28 countries (2013-2020) except reporting country,Croatia,2021,10322
EU28 countries (2013-2020) except reporting country,Croatia,2022,10970
EU28 countries (2013-2020) except reporting country,Hungary,2015,3934
EU28 countries (2013-2020) except reporting country,Hungary,2016,6221
EU28 countries (2013-2020) except reporting country,Hungary,2017,3763
EU28 countries (2013-2020) except reporting country,Hungary,2018,5182
EU28 countries (2013-2020) except reporting country,Hungary,2019,8574
EU28 countries (2013-2020) except reporting country,Hungary,2021,6937
EU28 countries (2013-2020) except reporting country,Hungary,2022,11402
EU28 countries (2013-2020) except reporting country,Ireland,2015,19875
EU28 countries (2013-2020) except reporting country,Ireland,2016,20573
EU28 countries (2013-2020) except reporting country,Ireland,2017,21866
EU28 countries (2013-2020) except reporting country,Ireland,2018,24433
EU28 countries (2013-2020) except reporting country,Ireland,2019,25446
EU28 countries (2013-2020) except reporting country,Ireland,2020,23745
EU28 countries (2013-2020) except reporting country,Ireland,2021,25700
EU28 countries (2013-2020) except reporting country,Ireland,2022,25277
EU28 countries (2013-2020) except reporting country,Iceland,2015,22034
EU28 countries (2013-2020) except reporting country,Iceland,2016,23834
EU28 countries (2013-2020) except reporting country,Iceland,2017,28393
EU28 countries (2013-2020) except reporting country,Iceland,2018,36428
EU28 countries (2013-2020) except reporting country,Italy,2015,12000
EU28 countries (2013-2020) except reporting country,Italy,2016,11453
EU28 countries (2013-2020) except reporting country,Italy,2017,13532
EU28 countries (2013-2020) except reporting country,Italy,2018,12393
EU28 countries (2013-2020) except reporting country,Italy,2019,13337
EU28 countries (2013-2020) except reporting country,Italy,2020,14580
EU28 countries (2013-2020) except reporting country,Italy,2021,13026
EU28 countries (2013-2020) except reporting country,Italy,2022,16356
EU28 countries (2013-2020) except reporting country,Luxembourg,2015,30598
EU28 countries (2013-2020) except reporting country,Luxembourg,2016,29460
EU28 countries (2013-2020) except reporting country,Luxembourg,2017,32936
EU28 countries (2013-2020) except reporting country,Luxembourg,2018,30601
EU28 countries (2013-2020) except reporting country,Luxembourg,2019,33596
EU28 countries (2013-2020) except reporting country,Luxembourg,2020,34275
EU28 countries (2013-2020) except reporting country,Luxembourg,2021,38718
EU28 countries (2013-2020) except reporting country,Luxembourg,2022,43654
EU28 countries (2013-2020) except reporting country,Latvia,2015,6079
EU28 countries (2013-2020) except reporting country,Latvia,2016,5894
EU28 countries (2013-2020) except reporting country,Latvia,2017,8756
EU28 countries (2013-2020) except reporting country,Latvia,2018,8887
EU28 countries (2013-2020) except reporting country,Latvia,2019,10303
EU28 countries (2013-2020) except reporting country,Latvia,2020,9733
EU28 countries (2013-2020) except reporting country,Latvia,2021,10970
EU28 countries (2013-2020) except reporting country,Latvia,2022,13576
EU28 countries (2013-2020) except reporting country,Montenegro,2015,3786
EU28 countries (2013-2020) except reporting country,Montenegro,2016,3744
EU28 countries (2013-2020) except reporting country,Montenegro,2017,3690
EU28 countries (2013-2020) except reporting country,Montenegro,2018,5498
EU28 countries (2013-2020) except reporting country,Montenegro,2019,5790
EU28 countries (2013-2020) except reporting country,Montenegro,2020,6061
EU28 countries (2013-2020) except reporting country,Montenegro,2021,5167
EU28 countries (2013-2020) except reporting country,Malta,2015,14227
EU28 countries (2013-2020) except reporting country,Malta,2016,15825
EU28 countries (2013-2020) except reporting country,Malta,2017,15475
EU28 countries (2013-2020) except reporting country,Malta,2018,16070
EU28 countries (2013-2020) except reporting country,Malta,2019,15987
EU28 countries (2013-2020) except reporting country,Malta,2020,17291
EU28 countries (2013-2020) except reporting country,Malta,2021,20302
EU28 countries (2013-2020) except reporting country,Malta,2022,21044
EU28 countries (2013-2020) except reporting country,Netherlands,2015,21179
EU28 countries (2013-2020) except reporting country,Netherlands,2016,21244
EU28 countries (2013-2020) except reporting country,Netherlands,2017,22359
EU28 countries (2013-2020) except reporting country,Netherlands,2018,22991
EU28 countries (2013-2020) except reporting country,Netherlands,2019,24015
EU28 countries (2013-2020) except reporting country,Netherlands,2020,23328
EU28 countries (2013-2020) except reporting country,Netherlands,2021,24994
EU28 countries (2013-2020) except reporting country,Netherlands,2022,29955
EU28 countries (2013-2020) except reporting country,Norway,2015,38111
EU28 countries (2013-2020) except reporting country,Norway,2016,37857
EU28 countries (2013-2020) except reporting country,Norway,2017,36392
EU28 countries (2013-2020) except reporting country,Norway,2018,35784
EU28 countries (2013-2020) except reporting country,Norway,2019,36742
EU28 countries (2013-2020) except reporting country,Norway,2020,39193
EU28 countries (2013-2020) except reporting country,Poland,2022,12258
EU28 countries (2013-2020) except reporting country,Portugal,2015,11867
EU28 countries (2013-2020) except reporting country,Portugal,2016,11087
EU28 countries (2013-2020) except reporting country,Portugal,2017,10712
EU28 countries (2013-2020) except reporting country,Portugal,2018,10000
EU28 countries (2013-2020) except reporting country,Portugal,2019,10834
EU28 countries (2013-2020) except reporting country,Portugal,2020,12595
EU28 countries (2013-2020) except reporting country,Portugal,2021,11557
EU28 countries (2013-2020) except reporting country,Portugal,2022,12229
EU28 countries (2013-2020) except reporting country,Serbia,2015,3033
EU28 countries (2013-2020) except reporting country,Serbia,2016,2650
EU28 countries (2013-2020) except reporting country,Serbia,2017,3481
EU28 countries (2013-2020) except reporting country,Serbia,2018,3165
EU28 countries (2013-2020) except reporting country,Serbia,2019,3956
EU28 countries (2013-2020) except reporting country,Serbia,2020,5605
EU28 countries (2013-2020) except reporting country,Serbia,2021,2451
EU28 countries (2013-2020) except reporting country,Sweden,2015,22504
EU28 countries (2013-2020) except reporting country,Sweden,2016,23268
EU28 countries (2013-2020) except reporting country,Sweden,2017,22491
EU28 countries (2013-2020) except reporting country,Sweden,2018,23649
EU28 countries (2013-2020) except reporting country,Sweden,2019,21195
EU28 countries (2013-2020) except reporting country,Sweden,2020,24448
EU28 countries (2013-2020) except reporting country,Sweden,2021,24878
EU28 countries (2013-2020) except reporting country,Sweden,2022,25746
EU28 countries (2013-2020) except reporting country,Slovenia,2015,9661
EU28 countries (2013-2020) except reporting country,Slovenia,2016,9923
EU28 countries (2013-2020) except reporting country,Slovenia,2017,11399
EU28 countries (2013-2020) except reporting country,Slovenia,2018,12191
EU28 countries (2013-2020) except reporting country,Slovenia,2019,12901
EU28 countries (2013-2020) except reporting country,Slovenia,2020,12453
EU28 countries (2013-2020) except reporting country,Slovenia,2021,12807
EU28 countries (2013-2020) except reporting country,Slovenia,2022,13383
EU28 countries (2013-2020) except reporting country,Slovakia,2015,6286
EU28 countries (2013-2020) except reporting country,Slovakia,2016,6122
EU28 countries (2013-2020) except reporting country,Slovakia,2017,6850
EU28 countries (2013-2020) except reporting country,Slovakia,2019,7849
EU28 countries (2013-2020) except reporting country,Slovakia,2020,9422
EU28 countries (2013-2020) except reporting country,Slovakia,2021,10053
EU28 countries (2013-2020) except reporting country,Slovakia,2022,9104
EU28 countries (2013-2020) except reporting country,Türkiye,2015,6802
EU28 countries (2013-2020) except reporting country,Türkiye,2016,5557
EU28 countries (2013-2020) except reporting country,United Kingdom,2015,20696
EU28 countries (2013-2020) except reporting country,United Kingdom,2016,22369
EU28 countries (2013-2020) except reporting country,United Kingdom,2017,19596
EU28 countries (2013-2020) except reporting country,United Kingdom,2018,22629
EU28 countries (2013-2020) except reporting country,Kosovo*,2018,4325
Foreign country,Albania,2021,2162
Foreign country,Austria,2015,17057
Foreign country,Austria,2016,16361
Foreign country,Austria,2017,18296
Foreign country,Austria,2018,19985
Foreign country,Austria,2019,20392
Foreign country,Austria,2020,20706
Foreign country,Austria,2021,20437
Foreign country,Austria,2022,20908
Foreign country,Austria,2023,24460
Foreign country,Belgium,2015,16427
Foreign country,Belgium,2016,17178
Foreign country,Belgium,2017,17404
Foreign country,Belgium,2018,18012
Foreign country,Belgium,2019,19489
Foreign country,Belgium,2020,20307
Foreign country,Belgium,2021,20870
Foreign country,Belgium,2022,22824
Foreign country,Belgium,2023,23113
Foreign country,Belgium,2024,24872
Foreign country,Bulgaria,2015,4362
Foreign country,Bulgaria,2016,3804
Foreign country,Bulgaria,2017,4689
Foreign country,Bulgaria,2018,4036
Foreign country,Bulgaria,2019,4899
Foreign country,Bulgaria,2020,4131
Foreign country,Bulgaria,2021,3399
Foreign country,Bulgaria,2022,4847
Foreign country,Bulgaria,2023,5046
Foreign country,Bulgaria,2024,6107
Foreign country,Switzerland,2015,37210
Foreign country,Switzerland,2016,41536
Foreign country,Switzerland,2017,40305
Foreign country,Switzerland,2018,40421
Foreign country,Switzerland,2019,38497
Foreign country,Switzerland,2020,40151
Foreign country,Switzerland,2021,41740
Foreign country,Switzerland,2022,42556
Foreign country,Switzerland,2023,47557
Foreign country,Cyprus,2015,11100
Foreign country,Cyprus,2016,11288
Foreign country,Cyprus,2017,11690
Foreign country,Cyprus,2018,12527
Foreign country,Cyprus,2019,12851
Foreign country,Cyprus,2020,13454
Foreign country,Cyprus,2021,13113
Foreign country,Cyprus,2022,14160
Foreign country,Cyprus,2023,15059
Foreign country,Cyprus,2024,16847
Foreign country,Czechia,2015,7273
Foreign country,Czechia,2016,8465
Foreign country,Czechia,2017,8557
Foreign country,Czechia,2018,9707
Foreign country,Czechia,2019,12183
Foreign country,Czechia,2020,11954
Foreign country,Czechia,2021,10658
Foreign country,Czechia,2022,11706
Foreign country,Czechia,2023,13591
Foreign country,Czechia,2024,15145
Foreign country,Germany,2015,18723
Foreign country,Germany,2016,18020
Foreign country,Germany,2017,19433
Foreign country,Germany,2018,20257
Foreign country,Germany,2019,22373
Foreign country,Germany,2020,20894
Foreign country,Germany,2021,19697
Foreign country,Germany,2022,20000
Foreign country,Germany,2023,20793
Foreign country,Germany,2024,21976
Foreign country,Denmark,2015,22402
Foreign country,Denmark,2016,24311
Foreign country,Denmark,2017,25356
Foreign country,Denmark,2018,25686
Foreign country,Denmark,2019,26096
Foreign country,Denmark,2020,24530
Foreign country,Denmark,2021,27527
Foreign country,Denmark,2022,27309
Foreign country,Denmark,2023,28194
Foreign country,Denmark,2024,31733
Foreign country,Estonia,2015,6241
Foreign country,Estonia,2016,6578
Foreign country,Estonia,2017,7073
Foreign country,Estonia,2018,8215
Foreign country,Estonia,2019,8964
Foreign country,Estonia,2020,10024
Foreign country,Estonia,2021,10083
Foreign country,Estonia,2022,11385
Foreign country,Estonia,2023,11675
Foreign country,Estonia,2024,12315
Foreign country,Greece,2015,4818
Foreign country,Greece,2016,5033
Foreign country,Greece,2017,5256
Foreign country,Greece,2018,5720
Foreign country,Greece,2019,6046
Foreign country,Greece,2020,6667
Foreign country,Greece,2021,6420
Foreign country,Greece,2022,7000
Foreign country,Greece,2023,8160
Foreign country,Spain,2015,8687
Foreign country,Spain,2016,8663
Foreign country,Spain,2017,9108
Foreign country,Spain,2018,9150
Foreign country,Spain,2019,9249
Foreign country,Spain,2020,10544
Foreign country,Spain,2021,9389
Foreign country,Spain,2022,10719
Foreign country,Spain,2023,12826
Foreign country,Spain,2024,14065
Foreign country,Finland,2015,19344
Foreign country,Finland,2016,19255
Foreign country,Finland,2017,20445
Foreign country,Finland,2018,20687
Foreign country,Finland,2019,20730
Foreign country,Finland,2020,20869
Foreign country,Finland,2021,21125
Foreign country,Finland,2022,22373
Foreign country,Finland,2023,23135
Foreign country,Finland,2024,23862
Foreign country,France,2015,15901
Foreign country,France,2016,16445
Foreign country,France,2017,15875
Foreign country,France,2018,16521
Foreign country,France,2019,15513
Foreign country,France,2020,14861
Foreign country,France,2021,16467
Foreign country,France,2022,16760
Foreign country,France,2023,18055
Foreign country,Croatia,2015,5574
Foreign country,Croatia,2016,5836
Foreign country,Croatia,2017,5097
Foreign country,Croatia,2018,5266
Foreign country,Croatia,2019,5840
Foreign country,Croatia,2020,6929
Foreign country,Croatia,2021,7618
Foreign country,Croatia,2022,9291
Foreign country,Croatia,2023,10292
Foreign country,Hungary,2015,3244
Foreign country,Hungary,2016,5891
Foreign country,Hungary,2017,5066
Foreign country,Hungary,2018,4692
Foreign country,Hungary,2019,6758
Foreign country,Hungary,2020,7790
Foreign country,Hungary,2021,7047
Foreign country,Hungary,2022,9184
Foreign country,Hungary,2023,9179
Foreign country,Hungary,2024,10612
Foreign country,Ireland,2015,19480
Foreign country,Ireland,2016,20400
Foreign country,Ireland,2017,21741
Foreign country,Ireland,2018,24112
Foreign country,Ireland,2019,24982
Foreign country,Ireland,2020,24447
Foreign country,Ireland,2021,27347
Foreign country,Ireland,2022,25742
Foreign country,Ireland,2023,27670
Foreign country,Iceland,2015,22351
Foreign country,Iceland,2016,24083
Foreign country,Iceland,2017,28453
Foreign country,Iceland,2018,36428
Foreign country,Iceland,2019,34934
Foreign country,Iceland,2020,33085
Foreign country,Italy,2015,11594
Foreign country,Italy,2016,11063
Foreign country,Italy,2017,11835
Foreign country,Italy,2018,11750
Foreign country,Italy,2019,12542
Foreign country,Italy,2020,13337
Foreign country,Italy,2021,12370
Foreign country,Italy,2022,13750
Foreign country,Italy,2023,13991
Foreign country,Italy,2024,15247
Foreign country,Lithuania,2015,5321
Foreign country,Lithuania,2016,4456
Foreign country,Lithuania,2017,7500
Foreign country,Lithuania,2018,6887
Foreign country,Lithuania,2019,6221
Foreign country,Lithuania,2020,7891
Foreign country,Lithuania,2021,8392
Foreign country,Lithuania,2022,8393
Foreign country,Lithuania,2023,12529
Foreign country,Luxembourg,2015,29468
Foreign country,Luxembourg,2016,28305
Foreign country,Luxembourg,2017,32043
Foreign country,Luxembourg,2018,29970
Foreign country,Luxembourg,2019,32920
Foreign country,Luxembourg,2020,33349
Foreign country,Luxembourg,2021,37670
Foreign country,Luxembourg,2022,42882
Foreign country,Luxembourg,2023,41786
Foreign country,Luxembourg,2024,46744
Foreign country,Latvia,2015,5202
Foreign country,Latvia,2016,5273
Foreign country,Latvia,2017,5564
Foreign country,Latvia,2018,6043
Foreign country,Latvia,2019,6858
Foreign country,Latvia,2020,7711
Foreign country,Latvia,2021,7490
Foreign country,Latvia,2022,8206
Foreign country,Latvia,2023,8659
Foreign country,Latvia,2024,9851
Foreign country,Montenegro,2015,2876
Foreign country,Montenegro,2016,2951
Foreign country,Montenegro,2017,3163
Foreign country,Montenegro,2018,3143
Foreign country,Montenegro,2019,3132
Foreign country,Montenegro,2020,3568
Foreign country,Montenegro,2021,2953
Foreign country,Montenegro,2022,3584
Foreign country,North Macedonia,2015,1859
Foreign country,North Macedonia,2016,1858
Foreign country,North Macedonia,2017,1690
Foreign country,North Macedonia,2018,1554
Foreign country,North Macedonia,2019,2238
Foreign country,North Macedonia,2020,2441
Foreign country,Malta,2015,12965
Foreign country,Malta,2016,14583
Foreign country,Malta,2017,13876
Foreign country,Malta,2018,14222
Foreign country,Malta,2019,14503
Foreign country,Malta,2020,13915
Foreign country,Malta,2021,16851
Foreign country,Malta,2022,17972
Foreign country,Malta,2023,17902
Foreign country,Netherlands,2015,20771
Foreign country,Netherlands,2016,17884
Foreign country,Netherlands,2017,20780
Foreign country,Netherlands,2018,20747
Foreign country,Netherlands,2019,21405
Foreign country,Netherlands,2020,20796
Foreign country,Netherlands,2021,22218
Foreign country,Netherlands,2022,25050
Foreign country,Netherlands,2023,23741
Foreign country,Netherlands,2024,28627
Foreign country,Norway,2015,36566
Foreign country,Norway,2016,33388
Foreign country,Norway,2017,33549
Foreign country,Norway,2018,32933
Foreign country,Norway,2019,33342
Foreign country,Norway,2020,36502
Foreign country,Norway,2021,32095
Foreign country,Norway,2022,35529
Foreign country,Norway,2023,38947
Foreign country,Norway,2024,36293
Foreign country,Poland,2015,4968
Foreign country,Poland,2016,6686
Foreign country,Poland,2017,9198
Foreign country,Poland,2018,7698
Foreign country,Poland,2019,8207
Foreign country,Poland,2020,9417
Foreign country,Poland,2021,9903
Foreign country,Poland,2022,10009
Foreign country,Poland,2023,11780
Foreign country,Portugal,2015,7091
Foreign country,Portugal,2016,7211
Foreign country,Portugal,2017,7705
Foreign country,Portugal,2018,8450
Foreign country,Portugal,2019,9380
Foreign country,Portugal,2020,10464
Foreign country,Portugal,2021,10123
Foreign country,Portugal,2022,9169
Foreign country,Portugal,2023,10300
Foreign country,Romania,2024,8822
Foreign country,Serbia,2015,2455
Foreign country,Serbia,2016,2499
Foreign country,Serbia,2017,2794
Foreign country,Serbia,2018,2649
Foreign country,Serbia,2019,3247
Foreign country,Serbia,2020,2715
Foreign country,Serbia,2021,4194
Foreign country,Serbia,2022,4499
Foreign country,Serbia,2023,5800
Foreign country,Sweden,2015,16252
Foreign country,Sweden,2016,16220
Foreign country,Sweden,2017,16697
Foreign country,Sweden,2018,16419
Foreign country,Sweden,2019,15823
Foreign country,Sweden,2020,17481
Foreign country,Sweden,2021,19014
Foreign country,Sweden,2022,20466
Foreign country,Sweden,2023,21340
Foreign country,Sweden,2024,21731
Foreign country,Slovenia,2015,8680
Foreign country,Slovenia,2016,8256
Foreign country,Slovenia,2017,9024
Foreign country,Slovenia,2018,9824
Foreign country,Slovenia,2019,11008
Foreign country,Slovenia,2020,11222
Foreign country,Slovenia,2021,12902
Foreign country,Slovenia,2022,13068
Foreign country,Slovenia,2023,14622
Foreign country,Slovenia,2024,15795
Foreign country,Slovakia,2015,6048
Foreign country,Slovakia,2016,5449
Foreign country,Slovakia,2017,6434
Foreign country,Slovakia,2018,6584
Foreign country,Slovakia,2019,7849
Foreign country,Slovakia,2020,7046
Foreign country,Slovakia,2021,7221
Foreign country,Slovakia,2022,7636
Foreign country,Slovakia,2023,10161
Foreign country,Türkiye,2015,5237
Foreign country,Türkiye,2016,5032
Foreign country,Türkiye,2017,4384
Foreign country,Türkiye,2018,4099
Foreign country,Türkiye,2019,3504
Foreign country,Türkiye,2020,3041
Foreign country,Türkiye,2021,2548
Foreign country,Türkiye,2022,2633
Foreign country,Türkiye,2023,2989
Foreign country,United Kingdom,2015,20696
Foreign country,United Kingdom,2016,21659
Foreign country,United Kingdom,2017,20851
Foreign country,United Kingdom,2018,21715
Foreign country,Kosovo*,2018,4325
Reporting country,Albania,2017,1813
Reporting country,Albania,2018,2064
Reporting country,Albania,2019,2298
Reporting country,Albania,2020,2599
Reporting country,Albania,2021,2619
Reporting country,Austria,2015,25099
Reporting country,Austria,2016,25690
Reporting country,Austria,2017,26877
Reporting country,Austria,2018,27222
Reporting country,Austria,2019,27749
Reporting country,Austria,2020,28527
Reporting country,Austria,2021,29684
Reporting country,Austria,2022,30271
Reporting country,Austria,2023,33841
Reporting country,Belgium,2015,22387
Reporting country,Belgium,2016,22731
Reporting country,Belgium,2017,23252
Reporting country,Belgium,2018,24372
Reporting country,Belgium,2019,25206
Reporting country,Belgium,2020,26335
Reporting country,Belgium,2021,26573
Reporting country,Belgium,2022,27816
Reporting country,Belgium,2023,29369
Reporting country,Belgium,2024,31233
Reporting country,Bulgaria,2015,3367
Reporting country,Bulgaria,2016,3216
Reporting country,Bulgaria,2017,3645
Reporting country,Bulgaria,2018,3649
Reporting country,Bulgaria,2019,4285
Reporting country,Bulgaria,2020,4691
Reporting country,Bulgaria,2021,5203
Reporting country,Bulgaria,2022,5467
Reporting country,Bulgaria,2023,6603
Reporting country,Bulgaria,2024,7947
Reporting country,Switzerland,2015,41590
Reporting country,Switzerland,2016,46994
Reporting country,Switzerland,2017,46604
Reporting country,Switzerland,2018,45581
Reporting country,Switzerland,2019,44030
Reporting country,Switzerland,2020,45746
Reporting country,Switzerland,2021,48067
Reporting country,Switzerland,2022,47906
Reporting country,Switzerland,2023,51525
Reporting country,Cyprus,2015,14450
Reporting country,Cyprus,2016,14841
Reporting country,Cyprus,2017,15193
Reporting country,Cyprus,2018,16094
Reporting country,Cyprus,2019,16986
Reporting country,Cyprus,2020,17523
Reporting country,Cyprus,2021,17644
Reporting country,Cyprus,2022,18776
Reporting country,Cyprus,2023,19908
Reporting country,Cyprus,2024,21715
Reporting country,Czechia,2015,7470
Reporting country,Czechia,2016,7902
Reporting country,Czechia,2017,8297
Reporting country,Czechia,2018,9071
Reporting country,Czechia,2019,9958
Reporting country,Czechia,2020,10678
Reporting country,Czechia,2021,10735
Reporting country,Czechia,2022,12294
Reporting country,Czechia,2023,13776
Reporting country,Czechia,2024,15317
Reporting country,Germany,2015,20927
Reporting country,Germany,2016,21573
Reporting country,Germany,2017,22244
Reporting country,Germany,2018,22964
Reporting country,Germany,2019,23725
Reporting country,Germany,2020,27161
Reporting country,Germany,2021,26167
Reporting country,Germany,2022,26197
Reporting country,Germany,2023,27600
Reporting country,Germany,2024,28957
Reporting country,Denmark,2015,28473
Reporting country,Denmark,2016,28481
Reporting country,Denmark,2017,29306
Reporting country,Denmark,2018,30323
Reporting country,Denmark,2019,30622
Reporting country,Denmark,2020,30777
Reporting country,Denmark,2021,32117
Reporting country,Denmark,2022,33354
Reporting country,Denmark,2023,34086
Reporting country,Denmark,2024,34797
Reporting country,Estonia,2015,8218
Reporting country,Estonia,2016,8963
Reporting country,Estonia,2017,9845
Reporting country,Estonia,2018,10742
Reporting country,Estonia,2019,11711
Reporting country,Estonia,2020,12415
Reporting country,Estonia,2021,12810
Reporting country,Estonia,2022,14904
Reporting country,Estonia,2023,15589
Reporting country,Estonia,2024,16625
Reporting country,Greece,2015,7860
Reporting country,Greece,2016,7850
Reporting country,Greece,2017,7933
Reporting country,Greece,2018,8207
Reporting country,Greece,2019,8550
Reporting country,Greece,2020,9117
Reporting country,Greece,2021,9107
Reporting country,Greece,2022,9800
Reporting country,Greece,2023,10291
Reporting country,Spain,2015,14068
Reporting country,Spain,2016,14380
Reporting country,Spain,2017,14999
Reporting country,Spain,2018,15459
Reporting country,Spain,2019,15929
Reporting country,Spain,2020,17125
Reporting country,Spain,2021,17014
Reporting country,Spain,2022,17932
Reporting country,Spain,2023,19366
Reporting country,Spain,2024,20917
Reporting country,Finland,2015,23935
Reporting country,Finland,2016,23976
Reporting country,Finland,2017,24293
Reporting country,Finland,2018,24805
Reporting country,Finland,2019,25187
Reporting country,Finland,2020,25877
Reporting country,Finland,2021,25806
Reporting country,Finland,2022,26917
Reporting country,Finland,2023,27676
Reporting country,Finland,2024,29162
Reporting country,France,2015,22071
Reporting country,France,2016,22413
Reporting country,France,2017,22774
Reporting country,France,2018,23059
Reporting country,France,2019,23334
Reporting country,France,2020,23166
Reporting country,France,2021,23535
Reporting country,France,2022,24080
Reporting country,France,2023,25313
Reporting country,Croatia,2015,5603
Reporting country,Croatia,2016,5853
Reporting country,Croatia,2017,6278
Reporting country,Croatia,2018,6685
Reporting country,Croatia,2019,7217
Reporting country,Croatia,2020,7797
Reporting country,Croatia,2021,8125
Reporting country,Croatia,2022,8781
Reporting country,Croatia,2023,9852
Reporting country,Hungary,2015,4656
Reporting country,Hungary,2016,4893
Reporting country,Hungary,2017,5126
Reporting country,Hungary,2018,5530
Reporting country,Hungary,2019,5967
Reporting country,Hungary,2020,6602
Reporting country,Hungary,2021,6763
Reporting country,Hungary,2022,7063
Reporting country,Hungary,2023,7579
Reporting country,Hungary,2024,8879
Reporting country,Ireland,2015,22864
Reporting country,Ireland,2016,23586
Reporting country,Ireland,2017,23659
Reporting country,Ireland,2018,25859
Reporting country,Ireland,2019,26273
Reporting country,Ireland,2020,28182
Reporting country,Ireland,2021,29940
Reporting country,Ireland,2022,31797
Reporting country,Ireland,2023,32270
Reporting country,Iceland,2015,25599
Reporting country,Iceland,2016,29837
Reporting country,Iceland,2017,35489
Reporting country,Iceland,2018,41942
Reporting country,Iceland,2019,38295
Reporting country,Iceland,2020,36816
Reporting country,Italy,2015,16750
Reporting country,Italy,2016,17380
Reporting country,Italy,2017,17567
Reporting country,Italy,2018,17867
Reporting country,Italy,2019,18098
Reporting country,Italy,2020,18858
Reporting country,Italy,2021,18763
Reporting country,Italy,2022,19478
Reporting country,Italy,2023,21105
Reporting country,Italy,2024,21652
Reporting country,Lithuania,2015,5242
Reporting country,Lithuania,2016,5732
Reporting country,Lithuania,2017,6225
Reporting country,Lithuania,2018,6942
Reporting country,Lithuania,2019,7745
Reporting country,Lithuania,2020,8637
Reporting country,Lithuania,2021,9617
Reporting country,Lithuania,2022,10118
Reporting country,Lithuania,2023,11158
Reporting country,Luxembourg,2015,40483
Reporting country,Luxembourg,2016,38554
Reporting country,Luxembourg,2017,41614
Reporting country,Luxembourg,2018,40809
Reporting country,Luxembourg,2019,41486
Reporting country,Luxembourg,2020,42004
Reporting country,Luxembourg,2021,47604
Reporting country,Luxembourg,2022,47678
Reporting country,Luxembourg,2023,54263
Reporting country,Luxembourg,2024,57130
Reporting country,Latvia,2015,5915
Reporting country,Latvia,2016,6494
Reporting country,Latvia,2017,6751
Reporting country,Latvia,2018,7481
Reporting country,Latvia,2019,8317
Reporting country,Latvia,2020,8906
Reporting country,Latvia,2021,9642
Reporting country,Latvia,2022,10501
Reporting country,Latvia,2023,11436
Reporting country,Latvia,2024,12994
Reporting country,Montenegro,2015,3327
Reporting country,Montenegro,2016,3400
Reporting country,Montenegro,2017,3648
Reporting country,Montenegro,2018,3932
Reporting country,Montenegro,2019,4030
Reporting country,Montenegro,2020,4122
Reporting country,Montenegro,2021,4062
Reporting country,Montenegro,2022,4500
Reporting country,North Macedonia,2015,2204
Reporting country,North Macedonia,2016,2339
Reporting country,North Macedonia,2017,2571
Reporting country,North Macedonia,2018,2720
Reporting country,North Macedonia,2019,2845
Reporting country,North Macedonia,2020,3142
Reporting country,Malta,2015,13867
Reporting country,Malta,2016,13825
Reporting country,Malta,2017,14675
Reporting country,Malta,2018,14970
Reporting country,Malta,2019,15569
Reporting country,Malta,2020,16515
Reporting country,Malta,2021,17173
Reporting country,Malta,2022,18305
Reporting country,Malta,2023,19860
Reporting country,Netherlands,2015,21571
Reporting country,Netherlands,2016,23025
Reporting country,Netherlands,2017,23729
Reporting country,Netherlands,2018,24104
Reporting country,Netherlands,2019,24747
Reporting country,Netherlands,2020,26133
Reporting country,Netherlands,2021,28418
Reporting country,Netherlands,2022,29270
Reporting country,Netherlands,2023,29418
Reporting country,Netherlands,2024,32334
Reporting country,Norway,2015,42535
Reporting country,Norway,2016,40584
Reporting country,Norway,2017,39466
Reporting country,Norway,2018,40635
Reporting country,Norway,2019,40511
Reporting country,Norway,2020,41357
Reporting country,Norway,2021,37114
Reporting country,Norway,2022,40312
Reporting country,Norway,2023,43116
Reporting country,Norway,2024,41524
Reporting country,Poland,2015,5637
Reporting country,Poland,2016,5935
Reporting country,Poland,2017,5951
Reporting country,Poland,2018,6557
Reporting country,Poland,2019,7102
Reporting country,Poland,2020,7918
Reporting country,Poland,2021,8283
Reporting country,Poland,2022,9033
Reporting country,Poland,2023,10109
Reporting country,Portugal,2015,8541
Reporting country,Portugal,2016,8895
Reporting country,Portugal,2017,9167
Reporting country,Portugal,2018,9413
Reporting country,Portugal,2019,10156
Reporting country,Portugal,2020,10910
Reporting country,Portugal,2021,11138
Reporting country,Portugal,2022,11200
Reporting country,Portugal,2023,11999
Reporting country,Romania,2015,2410
Reporting country,Romania,2016,2533
Reporting country,Romania,2017,2845
Reporting country,Romania,2018,3404
Reporting country,Romania,2019,3965
Reporting country,Romania,2020,4394
Reporting country,Romania,2021,4924
Reporting country,Romania,2022,5638
Reporting country,Romania,2023,6662
Reporting country,Romania,2024,7972
Reporting country,Serbia,2015,2436
Reporting country,Serbia,2016,2475
Reporting country,Serbia,2017,2564
Reporting country,Serbia,2018,2777
Reporting country,Serbia,2019,3289
Reporting country,Serbia,2020,3712
Reporting country,Serbia,2021,4033
Reporting country,Serbia,2022,4426
Reporting country,Serbia,2023,4988
Reporting country,Sweden,2015,26066
Reporting country,Sweden,2016,26039
Reporting country,Sweden,2017,26543
Reporting country,Sweden,2018,26798
Reporting country,Sweden,2019,25962
Reporting country,Sweden,2020,25925
Reporting country,Sweden,2021,26758
Reporting country,Sweden,2022,27928
Reporting country,Sweden,2023,28272
Reporting country,Sweden,2024,28163
Reporting country,Slovenia,2015,12475
Reporting country,Slovenia,2016,12465
Reporting country,Slovenia,2017,12891
Reporting country,Slovenia,2018,13378
Reporting country,Slovenia,2019,14243
Reporting country,Slovenia,2020,15067
Reporting country,Slovenia,2021,15520
Reporting country,Slovenia,2022,16755
Reporting country,Slovenia,2023,18211
Reporting country,Slovenia,2024,19856
Reporting country,Slovakia,2015,7120
Reporting country,Slovakia,2016,7167
Reporting country,Slovakia,2017,7355
Reporting country,Slovakia,2018,7799
Reporting country,Slovakia,2019,8381
Reporting country,Slovakia,2020,8952
Reporting country,Slovakia,2021,8744
Reporting country,Slovakia,2022,9095
Reporting country,Slovakia,2023,9522
Reporting country,Türkiye,2015,3693
Reporting country,Türkiye,2016,4085
Reporting country,Türkiye,2017,4207
Reporting country,Türkiye,2018,3813
Reporting country,Türkiye,2019,3285
Reporting country,Türkiye,2020,3418
Reporting country,Türkiye,2021,3021
Reporting country,Türkiye,2022,3059
Reporting country,Türkiye,2023,3193
Reporting country,United Kingdom,2015,21999
Reporting country,United Kingdom,2016,21854
Reporting country,United Kingdom,2017,21421
Reporting country,United Kingdom,2018,21924
Reporting country,Kosovo*,2018,2100
Non-EU27 countries (from 2020) nor reporting country,Albania,2021,2150
Non-EU27 countries (from 2020) nor reporting country,Austria,2015,16402
Non-EU27 countries (from 2020) nor reporting country,Austria,2016,15206
Non-EU27 countries (from 2020) nor reporting country,Austria,2017,16781
Non-EU27 countries (from 2020) nor reporting country,Austria,2018,18492
Non-EU27 countries (from 2020) nor reporting country,Austria,2019,19090
Non-EU27 countries (from 2020) nor reporting country,Austria,2020,18261
Non-EU27 countries (from 2020) nor reporting country,Austria,2021,19093
Non-EU27 countries (from 2020) nor reporting country,Austria,2022,19311
Non-EU27 countries (from 2020) nor reporting country,Austria,2023,20724
Non-EU27 countries (from 2020) nor reporting country,Belgium,2015,12590
Non-EU27 countries (from 2020) nor reporting country,Belgium,2016,13253
Non-EU27 countries (from 2020) nor reporting country,Belgium,2017,13204
Non-EU27 countries (from 2020) nor reporting country,Belgium,2018,14326
Non-EU27 countries (from 2020) nor reporting country,Belgium,2019,16700
Non-EU27 countries (from 2020) nor reporting country,Belgium,2020,16361
Non-EU27 countries (from 2020) nor reporting country,Belgium,2021,17600
Non-EU27 countries (from 2020) nor reporting country,Belgium,2022,19181
Non-EU27 countries (from 2020) nor reporting country,Belgium,2023,19363
Non-EU27 countries (from 2020) nor reporting country,Belgium,2024,21032
Non-EU27 countries (from 2020) nor reporting country,Bulgaria,2015,4362
Non-EU27 countries (from 2020) nor reporting country,Bulgaria,2016,4042
Non-EU27 countries (from 2020) nor reporting country,Bulgaria,2017,4497
Non-EU27 countries (from 2020) nor reporting country,Bulgaria,2018,3709
Non-EU27 countries (from 2020) nor reporting country,Bulgaria,2019,4899
Non-EU27 countries (from 2020) nor reporting country,Bulgaria,2020,4131
Non-EU27 countries (from 2020) nor reporting country,Bulgaria,2021,3195
Non-EU27 countries (from 2020) nor reporting country,Bulgaria,2022,3829
Non-EU27 countries (from 2020) nor reporting country,Bulgaria,2023,4775
Non-EU27 countries (from 2020) nor reporting country,Bulgaria,2024,5288
Non-EU27 countries (from 2020) nor reporting country,Switzerland,2015,31585
Non-EU27 countries (from 2020) nor reporting country,Switzerland,2016,34604
Non-EU27 countries (from 2020) nor reporting country,Switzerland,2017,34956
Non-EU27 countries (from 2020) nor reporting country,Switzerland,2018,32631
Non-EU27 countries (from 2020) nor reporting country,Switzerland,2019,31725
Non-EU27 countries (from 2020) nor reporting country,Switzerland,2020,32627
Non-EU27 countries (from 2020) nor reporting country,Switzerland,2021,33476
Non-EU27 countries (from 2020) nor reporting country,Switzerland,2022,34568
Non-EU27 countries (from 2020) nor reporting country,Switzerland,2023,37345
Non-EU27 countries (from 2020) nor reporting country,Cyprus,2015,11827
Non-EU27 countries (from 2020) nor reporting country,Cyprus,2016,12574
Non-EU27 countries (from 2020) nor reporting country,Cyprus,2017,12457
Non-EU27 countries (from 2020) nor reporting country,Cyprus,2018,12064
Non-EU27 countries (from 2020) nor reporting country,Cyprus,2019,12626
Non-EU27 countries (from 2020) nor reporting country,Cyprus,2020,12902
Non-EU27 countries (from 2020) nor reporting country,Cyprus,2021,12657
Non-EU27 countries (from 2020) nor reporting country,Cyprus,2022,13345
Non-EU27 countries (from 2020) nor reporting country,Cyprus,2023,14227
Non-EU27 countries (from 2020) nor reporting country,Cyprus,2024,15921
Non-EU27 countries (from 2020) nor reporting country,Czechia,2015,7172
Non-EU27 countries (from 2020) nor reporting country,Czechia,2016,8152
Non-EU27 countries (from 2020) nor reporting country,Czechia,2017,7761
Non-EU27 countries (from 2020) nor reporting country,Czechia,2018,9015
Non-EU27 countries (from 2020) nor reporting country,Czechia,2019,11376
Non-EU27 countries (from 2020) nor reporting country,Czechia,2020,11726
Non-EU27 countries (from 2020) nor reporting country,Czechia,2021,11504
Non-EU27 countries (from 2020) nor reporting country,Czechia,2022,12058
Non-EU27 countries (from 2020) nor reporting country,Czechia,2023,11393
Non-EU27 countries (from 2020) nor reporting country,Czechia,2024,13954
Non-EU27 countries (from 2020) nor reporting country,Germany,2015,16206
Non-EU27 countries (from 2020) nor reporting country,Germany,2016,15878
Non-EU27 countries (from 2020) nor reporting country,Germany,2017,16159
Non-EU27 countries (from 2020) nor reporting country,Germany,2018,18880
Non-EU27 countries (from 2020) nor reporting country,Germany,2019,19317
Non-EU27 countries (from 2020) nor reporting country,Germany,2020,19443
Non-EU27 countries (from 2020) nor reporting country,Germany,2021,18113
Non-EU27 countries (from 2020) nor reporting country,Germany,2022,18762
Non-EU27 countries (from 2020) nor reporting country,Germany,2023,19385
Non-EU27 countries (from 2020) nor reporting country,Germany,2024,20446
Non-EU27 countries (from 2020) nor reporting country,Denmark,2015,21365
Non-EU27 countries (from 2020) nor reporting country,Denmark,2016,24311
Non-EU27 countries (from 2020) nor reporting country,Denmark,2017,23409
Non-EU27 countries (from 2020) nor reporting country,Denmark,2018,23212
Non-EU27 countries (from 2020) nor reporting country,Denmark,2019,24186
Non-EU27 countries (from 2020) nor reporting country,Denmark,2020,21625
Non-EU27 countries (from 2020) nor reporting country,Denmark,2021,25112
Non-EU27 countries (from 2020) nor reporting country,Denmark,2022,25484
Non-EU27 countries (from 2020) nor reporting country,Denmark,2023,25078
Non-EU27 countries (from 2020) nor reporting country,Denmark,2024,29822
Non-EU27 countries (from 2020) nor reporting country,Estonia,2015,6152
Non-EU27 countries (from 2020) nor reporting country,Estonia,2016,6539
Non-EU27 countries (from 2020) nor reporting country,Estonia,2017,7038
Non-EU27 countries (from 2020) nor reporting country,Estonia,2018,8155
Non-EU27 countries (from 2020) nor reporting country,Estonia,2019,8815
Non-EU27 countries (from 2020) nor reporting country,Estonia,2020,9923
Non-EU27 countries (from 2020) nor reporting country,Estonia,2021,9915
Non-EU27 countries (from 2020) nor reporting country,Estonia,2022,10954
Non-EU27 countries (from 2020) nor reporting country,Estonia,2023,11263
Non-EU27 countries (from 2020) nor reporting country,Estonia,2024,12080
Non-EU27 countries (from 2020) nor reporting country,Greece,2015,4615
Non-EU27 countries (from 2020) nor reporting country,Greece,2016,4871
Non-EU27 countries (from 2020) nor reporting country,Greece,2017,5200
Non-EU27 countries (from 2020) nor reporting country,Greece,2018,5450
Non-EU27 countries (from 2020) nor reporting country,Greece,2019,5860
Non-EU27 countries (from 2020) nor reporting country,Greece,2020,6505
Non-EU27 countries (from 2020) nor reporting country,Greece,2021,6318
Non-EU27 countries (from 2020) nor reporting country,Greece,2022,6833
Non-EU27 countries (from 2020) nor reporting country,Greece,2023,8056
Non-EU27 countries (from 2020) nor reporting country,Spain,2015,7500
Non-EU27 countries (from 2020) nor reporting country,Spain,2016,8134
Non-EU27 countries (from 2020) nor reporting country,Spain,2017,8289
Non-EU27 countries (from 2020) nor reporting country,Spain,2018,8870
Non-EU27 countries (from 2020) nor reporting country,Spain,2019,8882
Non-EU27 countries (from 2020) nor reporting country,Spain,2020,9821
Non-EU27 countries (from 2020) nor reporting country,Spain,2021,8394
Non-EU27 countries (from 2020) nor reporting country,Spain,2022,9637
Non-EU27 countries (from 2020) nor reporting country,Spain,2023,11780
Non-EU27 countries (from 2020) nor reporting country,Spain,2024,12990
Non-EU27 countries (from 2020) nor reporting country,Finland,2015,16397
Non-EU27 countries (from 2020) nor reporting country,Finland,2016,17767
Non-EU27 countries (from 2020) nor reporting country,Finland,2017,18219
Non-EU27 countries (from 2020) nor reporting country,Finland,2018,18038
Non-EU27 countries (from 2020) nor reporting country,Finland,2019,19501
Non-EU27 countries (from 2020) nor reporting country,Finland,2020,19240
Non-EU27 countries (from 2020) nor reporting country,Finland,2021,20562
Non-EU27 countries (from 2020) nor reporting country,Finland,2022,22373
Non-EU27 countries (from 2020) nor reporting country,Finland,2023,21821
Non-EU27 countries (from 2020) nor reporting country,Finland,2024,22284
Non-EU27 countries (from 2020) nor reporting country,France,2015,14823
Non-EU27 countries (from 2020) nor reporting country,France,2016,15330
Non-EU27 countries (from 2020) nor reporting country,France,2017,14774
Non-EU27 countries (from 2020) nor reporting country,France,2018,15207
Non-EU27 countries (from 2020) nor reporting country,France,2019,13933
Non-EU27 countries (from 2020) nor reporting country,France,2020,13626
Non-EU27 countries (from 2020) nor reporting country,France,2021,15079
Non-EU27 countries (from 2020) nor reporting country,France,2022,14762
Non-EU27 countries (from 2020) nor reporting country,France,2023,15634
Non-EU27 countries (from 2020) nor reporting country,Croatia,2015,3753
Non-EU27 countries (from 2020) nor reporting country,Croatia,2016,4587
Non-EU27 countries (from 2020) nor reporting country,Croatia,2017,3814
Non-EU27 countries (from 2020) nor reporting country,Croatia,2018,4266
Non-EU27 countries (from 2020) nor reporting country,Croatia,2019,5282
Non-EU27 countries (from 2020) nor reporting country,Croatia,2020,6373
Non-EU27 countries (from 2020) nor reporting country,Croatia,2021,6543
Non-EU27 countries (from 2020) nor reporting country,Croatia,2022,6719
Non-EU27 countries (from 2020) nor reporting country,Croatia,2023,8880
Non-EU27 countries (from 2020) nor reporting country,Hungary,2017,5938
Non-EU27 countries (from 2020) nor reporting country,Hungary,2018,4692
Non-EU27 countries (from 2020) nor reporting country,Ireland,2015,17498
Non-EU27 countries (from 2020) nor reporting country,Ireland,2016,18802
Non-EU27 countries (from 2020) nor reporting country,Ireland,2017,19709
Non-EU27 countries (from 2020) nor reporting country,Ireland,2018,22370
Non-EU27 countries (from 2020) nor reporting country,Ireland,2019,24723
Non-EU27 countries (from 2020) nor reporting country,Ireland,2020,25912
Non-EU27 countries (from 2020) nor reporting country,Ireland,2021,27730
Non-EU27 countries (from 2020) nor reporting country,Ireland,2022,24828
Non-EU27 countries (from 2020) nor reporting country,Ireland,2023,29505
Non-EU27 countries (from 2020) nor reporting country,Iceland,2015,21016
Non-EU27 countries (from 2020) nor reporting country,Iceland,2016,24972
Non-EU27 countries (from 2020) nor reporting country,Iceland,2017,31488
Non-EU27 countries (from 2020) nor reporting country,Iceland,2018,35984
Non-EU27 countries (from 2020) nor reporting country,Iceland,2019,32774
Non-EU27 countries (from 2020) nor reporting country,Iceland,2020,32097
Non-EU27 countries (from 2020) nor reporting country,Italy,2015,11480
Non-EU27 countries (from 2020) nor reporting country,Italy,2016,10962
Non-EU27 countries (from 2020) nor reporting country,Italy,2017,11321
Non-EU27 countries (from 2020) nor reporting country,Italy,2018,11464
Non-EU27 countries (from 2020) nor reporting country,Italy,2019,12363
Non-EU27 countries (from 2020) nor reporting country,Italy,2020,13177
Non-EU27 countries (from 2020) nor reporting country,Italy,2021,12167
Non-EU27 countries (from 2020) nor reporting country,Italy,2022,13389
Non-EU27 countries (from 2020) nor reporting country,Italy,2023,13583
Non-EU27 countries (from 2020) nor reporting country,Italy,2024,15162
Non-EU27 countries (from 2020) nor reporting country,Lithuania,2015,5321
Non-EU27 countries (from 2020) nor reporting country,Lithuania,2016,4449
Non-EU27 countries (from 2020) nor reporting country,Lithuania,2017,4989
Non-EU27 countries (from 2020) nor reporting country,Lithuania,2018,5727
Non-EU27 countries (from 2020) nor reporting country,Lithuania,2019,6221
Non-EU27 countries (from 2020) nor reporting country,Lithuania,2020,8146
Non-EU27 countries (from 2020) nor reporting country,Lithuania,2021,7892
Non-EU27 countries (from 2020) nor reporting country,Lithuania,2022,8393
Non-EU27 countries (from 2020) nor reporting country,Lithuania,2023,11634
Non-EU27 countries (from 2020) nor reporting country,Luxembourg,2015,22222
Non-EU27 countries (from 2020) nor reporting country,Luxembourg,2016,22725
Non-EU27 countries (from 2020) nor reporting country,Luxembourg,2017,25836
Non-EU27 countries (from 2020) nor reporting country,Luxembourg,2018,26471
Non-EU27 countries (from 2020) nor reporting country,Luxembourg,2019,27917
Non-EU27 countries (from 2020) nor reporting country,Luxembourg,2020,28903
Non-EU27 countries (from 2020) nor reporting country,Luxembourg,2021,31371
Non-EU27 countries (from 2020) nor reporting country,Luxembourg,2022,34907
Non-EU27 countries (from 2020) nor reporting country,Luxembourg,2023,37279
Non-EU27 countries (from 2020) nor reporting country,Luxembourg,2024,41956
Non-EU27 countries (from 2020) nor reporting country,Latvia,2015,5190
Non-EU27 countries (from 2020) nor reporting country,Latvia,2016,5243
Non-EU27 countries (from 2020) nor reporting country,Latvia,2017,5495
Non-EU27 countries (from 2020) nor reporting country,Latvia,2018,6024
Non-EU27 countries (from 2020) nor reporting country,Latvia,2019,6710
Non-EU27 countries (from 2020) nor reporting country,Latvia,2020,7674
Non-EU27 countries (from 2020) nor reporting country,Latvia,2021,7415
Non-EU27 countries (from 2020) nor reporting country,Latvia,2022,8176
Non-EU27 countries (from 2020) nor reporting country,Latvia,2023,8592
Non-EU27 countries (from 2020) nor reporting country,Latvia,2024,9802
Non-EU27 countries (from 2020) nor reporting country,Montenegro,2017,3097
Non-EU27 countries (from 2020) nor reporting country,Montenegro,2018,3120
Non-EU27 countries (from 2020) nor reporting country,Montenegro,2019,3100
Non-EU27 countries (from 2020) nor reporting country,Montenegro,2020,3385
Non-EU27 countries (from 2020) nor reporting country,Montenegro,2021,2857
Non-EU27 countries (from 2020) nor reporting country,Montenegro,2022,3584
Non-EU27 countries (from 2020) nor reporting country,North Macedonia,2015,1793
Non-EU27 countries (from 2020) nor reporting country,North Macedonia,2016,1563
Non-EU27 countries (from 2020) nor reporting country,North Macedonia,2017,1419
Non-EU27 countries (from 2020) nor reporting country,North Macedonia,2018,1386
Non-EU27 countries (from 2020) nor reporting country,North Macedonia,2019,2137
Non-EU27 countries (from 2020) nor reporting country,North Macedonia,2020,2384
Non-EU27 countries (from 2020) nor reporting country,Malta,2015,12677
Non-EU27 countries (from 2020) nor reporting country,Malta,2016,13450
Non-EU27 countries (from 2020) nor reporting country,Malta,2017,13420
Non-EU27 countries (from 2020) nor reporting country,Malta,2018,13485
Non-EU27 countries (from 2020) nor reporting country,Malta,2019,13231
Non-EU27 countries (from 2020) nor reporting country,Malta,2020,13314
Non-EU27 countries (from 2020) nor reporting country,Malta,2021,15524
Non-EU27 countries (from 2020) nor reporting country,Malta,2022,15923
Non-EU27 countries (from 2020) nor reporting country,Malta,2023,16375
Non-EU27 countries (from 2020) nor reporting country,Netherlands,2015,18904
Non-EU27 countries (from 2020) nor reporting country,Netherlands,2016,15223
Non-EU27 countries (from 2020) nor reporting country,Netherlands,2017,17855
Non-EU27 countries (from 2020) nor reporting country,Netherlands,2018,17161
Non-EU27 countries (from 2020) nor reporting country,Netherlands,2019,16765
Non-EU27 countries (from 2020) nor reporting country,Netherlands,2020,18459
Non-EU27 countries (from 2020) nor reporting country,Netherlands,2021,19108
Non-EU27 countries (from 2020) nor reporting country,Netherlands,2022,21597
Non-EU27 countries (from 2020) nor reporting country,Netherlands,2023,19204
Non-EU27 countries (from 2020) nor reporting country,Netherlands,2024,27337
Non-EU27 countries (from 2020) nor reporting country,Norway,2015,34160
Non-EU27 countries (from 2020) nor reporting country,Norway,2016,26897
Non-EU27 countries (from 2020) nor reporting country,Norway,2017,28579
Non-EU27 countries (from 2020) nor reporting country,Norway,2018,29291
Non-EU27 countries (from 2020) nor reporting country,Norway,2019,28970
Non-EU27 countries (from 2020) nor reporting country,Norway,2020,31247
Non-EU27 countries (from 2020) nor reporting country,Norway,2021,27914
Non-EU27 countries (from 2020) nor reporting country,Norway,2022,31907
Non-EU27 countries (from 2020) nor reporting country,Norway,2023,34683
Non-EU27 countries (from 2020) nor reporting country,Norway,2024,29952
Non-EU27 countries (from 2020) nor reporting country,Poland,2015,4968
Non-EU27 countries (from 2020) nor reporting country,Poland,2016,4241
Non-EU27 countries (from 2020) nor reporting country,Poland,2017,6392
Non-EU27 countries (from 2020) nor reporting country,Poland,2018,7518
Non-EU27 countries (from 2020) nor reporting country,Poland,2019,8181
Non-EU27 countries (from 2020) nor reporting country,Poland,2020,9217
Non-EU27 countries (from 2020) nor reporting country,Poland,2021,9569
Non-EU27 countries (from 2020) nor reporting country,Poland,2022,10009
Non-EU27 countries (from 2020) nor reporting country,Poland,2023,11523
Non-EU27 countries (from 2020) nor reporting country,Portugal,2015,6317
Non-EU27 countries (from 2020) nor reporting country,Portugal,2016,6637
Non-EU27 countries (from 2020) nor reporting country,Portugal,2017,7446
Non-EU27 countries (from 2020) nor reporting country,Portugal,2018,8297
Non-EU27 countries (from 2020) nor reporting country,Portugal,2019,8759
Non-EU27 countries (from 2020) nor reporting country,Portugal,2020,9600
Non-EU27 countries (from 2020) nor reporting country,Portugal,2021,10080
Non-EU27 countries (from 2020) nor reporting country,Portugal,2022,8908
Non-EU27 countries (from 2020) nor reporting country,Portugal,2023,10289
Non-EU27 countries (from 2020) nor reporting country,Romania,2024,8822
Non-EU27 countries (from 2020) nor reporting country,Serbia,2015,2448
Non-EU27 countries (from 2020) nor reporting country,Serbia,2016,2385
Non-EU27 countries (from 2020) nor reporting country,Serbia,2017,2388
Non-EU27 countries (from 2020) nor reporting country,Serbia,2018,2314
Non-EU27 countries (from 2020) nor reporting country,Serbia,2019,3121
Non-EU27 countries (from 2020) nor reporting country,Serbia,2020,2602
Non-EU27 countries (from 2020) nor reporting country,Serbia,2021,5061
Non-EU27 countries (from 2020) nor reporting country,Serbia,2023,6989
Non-EU27 countries (from 2020) nor reporting country,Sweden,2015,14414
Non-EU27 countries (from 2020) nor reporting country,Sweden,2016,14506
Non-EU27 countries (from 2020) nor reporting country,Sweden,2017,15400
Non-EU27 countries (from 2020) nor reporting country,Sweden,2018,14799
Non-EU27 countries (from 2020) nor reporting country,Sweden,2019,14123
Non-EU27 countries (from 2020) nor reporting country,Sweden,2020,15932
Non-EU27 countries (from 2020) nor reporting country,Sweden,2021,17110
Non-EU27 countries (from 2020) nor reporting country,Sweden,2022,18171
Non-EU27 countries (from 2020) nor reporting country,Sweden,2023,19438
Non-EU27 countries (from 2020) nor reporting country,Sweden,2024,20034
Non-EU27 countries (from 2020) nor reporting country,Slovenia,2015,8441
Non-EU27 countries (from 2020) nor reporting country,Slovenia,2016,8180
Non-EU27 countries (from 2020) nor reporting country,Slovenia,2017,8786
Non-EU27 countries (from 2020) nor reporting country,Slovenia,2018,9438
Non-EU27 countries (from 2020) nor reporting country,Slovenia,2019,10763
Non-EU27 countries (from 2020) nor reporting country,Slovenia,2020,11154
Non-EU27 countries (from 2020) nor reporting country,Slovenia,2021,12902
Non-EU27 countries (from 2020) nor reporting country,Slovenia,2022,13012
Non-EU27 countries (from 2020) nor reporting country,Slovenia,2023,14622
Non-EU27 countries (from 2020) nor reporting country,Slovenia,2024,15618
Non-EU27 countries (from 2020) nor reporting country,Türkiye,2015,4567
Non-EU27 countries (from 2020) nor reporting country,Türkiye,2016,4886
Non-EU27 countries (from 2020) nor reporting country,Türkiye,2017,4195
Non-EU27 countries (from 2020) nor reporting country,Türkiye,2018,3980
Non-EU27 countries (from 2020) nor reporting country,Türkiye,2019,3451
Non-EU27 countries (from 2020) nor reporting country,Türkiye,2020,3041
Non-EU27 countries (from 2020) nor reporting country,Türkiye,2021,2548
Non-EU27 countries (from 2020) nor reporting country,Türkiye,2022,2614
Non-EU27 countries (from 2020) nor reporting country,Türkiye,2023,2970
Non-EU27 countries (from 2020) nor reporting country,United Kingdom,2015,21079
Non-EU27 countries (from 2020) nor reporting country,United Kingdom,2016,20842
Non-EU27 countries (from 2020) nor reporting country,United Kingdom,2017,20934
Non-EU27 countries (from 2020) nor reporting country,United Kingdom,2018,19947
Non-EU27 countries (from 2020) nor reporting country,Kosovo*,2018,3347
Non-EU28 countries (2013-2020) nor reporting country,Austria,2015,16402
Non-EU28 countries (2013-2020) nor reporting country,Austria,2016,15206
Non-EU28 countries (2013-2020) nor reporting country,Austria,2017,16747
Non-EU28 countries (2013-2020) nor reporting country,Austria,2018,18407
Non-EU28 countries (2013-2020) nor reporting country,Austria,2019,19090
Non-EU28 countries (2013-2020) nor reporting country,Austria,2020,18163
Non-EU28 countries (2013-2020) nor reporting country,Austria,2021,19004
Non-EU28 countries (2013-2020) nor reporting country,Austria,2022,19289
Non-EU28 countries (2013-2020) nor reporting country,Belgium,2015,12420
Non-EU28 countries (2013-2020) nor reporting country,Belgium,2016,12755
Non-EU28 countries (2013-2020) nor reporting country,Belgium,2017,12917
Non-EU28 countries (2013-2020) nor reporting country,Belgium,2018,14326
Non-EU28 countries (2013-2020) nor reporting country,Belgium,2019,16367
Non-EU28 countries (2013-2020) nor reporting country,Belgium,2020,16327
Non-EU28 countries (2013-2020) nor reporting country,Belgium,2021,17399
Non-EU28 countries (2013-2020) nor reporting country,Belgium,2022,19028
Non-EU28 countries (2013-2020) nor reporting country,Belgium,2023,19308
Non-EU28 countries (2013-2020) nor reporting country,Bulgaria,2015,4386
Non-EU28 countries (2013-2020) nor reporting country,Bulgaria,2016,4042
Non-EU28 countries (2013-2020) nor reporting country,Bulgaria,2017,4237
Non-EU28 countries (2013-2020) nor reporting country,Bulgaria,2018,3709
Non-EU28 countries (2013-2020) nor reporting country,Bulgaria,2019,4899
Non-EU28 countries (2013-2020) nor reporting country,Bulgaria,2020,4131
Non-EU28 countries (2013-2020) nor reporting country,Bulgaria,2021,3195
Non-EU28 countries (2013-2020) nor reporting country,Bulgaria,2022,3829
Non-EU28 countries (2013-2020) nor reporting country,Switzerland,2015,31122
Non-EU28 countries (2013-2020) nor reporting country,Switzerland,2016,34316
Non-EU28 countries (2013-2020) nor reporting country,Switzerland,2017,34668
Non-EU28 countries (2013-2020) nor reporting country,Switzerland,2018,32428
Non-EU28 countries (2013-2020) nor reporting country,Switzerland,2019,31706
Non-EU28 countries (2013-2020) nor reporting country,Switzerland,2020,32175
Non-EU28 countries (2013-2020) nor reporting country,Switzerland,2021,32665
Non-EU28 countries (2013-2020) nor reporting country,Cyprus,2015,9700
Non-EU28 countries (2013-2020) nor reporting country,Cyprus,2016,9953
Non-EU28 countries (2013-2020) nor reporting country,Cyprus,2017,10533
Non-EU28 countries (2013-2020) nor reporting country,Cyprus,2018,11000
Non-EU28 countries (2013-2020) nor reporting country,Cyprus,2019,11440
Non-EU28 countries (2013-2020) nor reporting country,Cyprus,2020,12152
Non-EU28 countries (2013-2020) nor reporting country,Cyprus,2021,11749
Non-EU28 countries (2013-2020) nor reporting country,Cyprus,2022,12894
Non-EU28 countries (2013-2020) nor reporting country,Czechia,2015,7181
Non-EU28 countries (2013-2020) nor reporting country,Czechia,2016,8152
Non-EU28 countries (2013-2020) nor reporting country,Czechia,2017,7761
Non-EU28 countries (2013-2020) nor reporting country,Czechia,2018,9188
Non-EU28 countries (2013-2020) nor reporting country,Czechia,2019,11515
Non-EU28 countries (2013-2020) nor reporting country,Czechia,2020,11662
Non-EU28 countries (2013-2020) nor reporting country,Czechia,2021,11373
Non-EU28 countries (2013-2020) nor reporting country,Czechia,2022,11822
Non-EU28 countries (2013-2020) nor reporting country,Germany,2015,15019
Non-EU28 countries (2013-2020) nor reporting country,Germany,2016,15599
Non-EU28 countries (2013-2020) nor reporting country,Germany,2017,15835
Non-EU28 countries (2013-2020) nor reporting country,Germany,2018,18488
Non-EU28 countries (2013-2020) nor reporting country,Germany,2019,19293
Non-EU28 countries (2013-2020) nor reporting country,Germany,2020,19443
Non-EU28 countries (2013-2020) nor reporting country,Germany,2021,18067
Non-EU28 countries (2013-2020) nor reporting country,Germany,2022,18699
Non-EU28 countries (2013-2020) nor reporting country,Denmark,2015,21288
Non-EU28 countries (2013-2020) nor reporting country,Denmark,2016,23911
Non-EU28 countries (2013-2020) nor reporting country,Denmark,2017,22745
Non-EU28 countries (2013-2020) nor reporting country,Denmark,2018,23036
Non-EU28 countries (2013-2020) nor reporting country,Denmark,2019,23360
Non-EU28 countries (2013-2020) nor reporting country,Denmark,2020,20972
Non-EU28 countries (2013-2020) nor reporting country,Denmark,2021,24481
Non-EU28 countries (2013-2020) nor reporting country,Denmark,2022,25250
Non-EU28 countries (2013-2020) nor reporting country,Estonia,2015,6152
Non-EU28 countries (2013-2020) nor reporting country,Estonia,2016,6568
Non-EU28 countries (2013-2020) nor reporting country,Estonia,2017,7038
Non-EU28 countries (2013-2020) nor reporting country,Estonia,2018,8079
Non-EU28 countries (2013-2020) nor reporting country,Estonia,2019,8809
Non-EU28 countries (2013-2020) nor reporting country,Estonia,2020,9884
Non-EU28 countries (2013-2020) nor reporting country,Estonia,2021,9838
Non-EU28 countries (2013-2020) nor reporting country,Estonia,2022,11041
Non-EU28 countries (2013-2020) nor reporting country,Greece,2015,4596
Non-EU28 countries (2013-2020) nor reporting country,Greece,2016,4838
Non-EU28 countries (2013-2020) nor reporting country,Greece,2017,5156
Non-EU28 countries (2013-2020) nor reporting country,Greece,2018,5416
Non-EU28 countries (2013-2020) nor reporting country,Greece,2019,5860
Non-EU28 countries (2013-2020) nor reporting country,Greece,2020,6471
Non-EU28 countries (2013-2020) nor reporting country,Greece,2021,6242
Non-EU28 countries (2013-2020) nor reporting country,Greece,2022,6800
Non-EU28 countries (2013-2020) nor reporting country,Spain,2015,7359
Non-EU28 countries (2013-2020) nor reporting country,Spain,2016,7933
Non-EU28 countries (2013-2020) nor reporting country,Spain,2017,8336
Non-EU28 countries (2013-2020) nor reporting country,Spain,2018,8826
Non-EU28 countries (2013-2020) nor reporting country,Spain,2019,8954
Non-EU28 countries (2013-2020) nor reporting country,Spain,2020,9503
Non-EU28 countries (2013-2020) nor reporting country,Spain,2021,8420
Non-EU28 countries (2013-2020) nor reporting country,Spain,2022,9707
Non-EU28 countries (2013-2020) nor reporting country,Finland,2015,15887
Non-EU28 countries (2013-2020) nor reporting country,Finland,2016,17512
Non-EU28 countries (2013-2020) nor reporting country,Finland,2017,18089
Non-EU28 countries (2013-2020) nor reporting country,Finland,2018,17622
Non-EU28 countries (2013-2020) nor reporting country,Finland,2019,18882
Non-EU28 countries (2013-2020) nor reporting country,Finland,2020,18219
Non-EU28 countries (2013-2020) nor reporting country,Finland,2021,20390
Non-EU28 countries (2013-2020) nor reporting country,Finland,2022,22373
Non-EU28 countries (2013-2020) nor reporting country,France,2015,14734
Non-EU28 countries (2013-2020) nor reporting country,France,2016,14856
Non-EU28 countries (2013-2020) nor reporting country,France,2017,14542
Non-EU28 countries (2013-2020) nor reporting country,France,2018,15164
Non-EU28 countries (2013-2020) nor reporting country,France,2019,13854
Non-EU28 countries (2013-2020) nor reporting country,France,2020,13462
Non-EU28 countries (2013-2020) nor reporting country,France,2021,14810
Non-EU28 countries (2013-2020) nor reporting country,France,2022,14754
Non-EU28 countries (2013-2020) nor reporting country,Croatia,2015,3704
Non-EU28 countries (2013-2020) nor reporting country,Croatia,2016,4514
Non-EU28 countries (2013-2020) nor reporting country,Croatia,2017,3815
Non-EU28 countries (2013-2020) nor reporting country,Croatia,2018,4307
Non-EU28 countries (2013-2020) nor reporting country,Croatia,2019,5365
Non-EU28 countries (2013-2020) nor reporting country,Croatia,2020,6473
Non-EU28 countries (2013-2020) nor reporting country,Croatia,2021,6290
Non-EU28 countries (2013-2020) nor reporting country,Croatia,2022,6719
Non-EU28 countries (2013-2020) nor reporting country,Hungary,2017,6251
Non-EU28 countries (2013-2020) nor reporting country,Hungary,2018,4692
Non-EU28 countries (2013-2020) nor reporting country,Ireland,2015,17782
Non-EU28 countries (2013-2020) nor reporting country,Ireland,2016,17927
Non-EU28 countries (2013-2020) nor reporting country,Ireland,2017,19709
Non-EU28 countries (2013-2020) nor reporting country,Ireland,2018,21232
Non-EU28 countries (2013-2020) nor reporting country,Ireland,2019,23514
Non-EU28 countries (2013-2020) nor reporting country,Ireland,2020,25912
Non-EU28 countries (2013-2020) nor reporting country,Ireland,2021,31084
Non-EU28 countries (2013-2020) nor reporting country,Ireland,2022,24541
Non-EU28 countries (2013-2020) nor reporting country,Iceland,2015,25102
Non-EU28 countries (2013-2020) nor reporting country,Iceland,2016,24972
Non-EU28 countries (2013-2020) nor reporting country,Iceland,2017,31848
Non-EU28 countries (2013-2020) nor reporting country,Iceland,2018,36398
Non-EU28 countries (2013-2020) nor reporting country,Italy,2015,11403
Non-EU28 countries (2013-2020) nor reporting country,Italy,2016,10883
Non-EU28 countries (2013-2020) nor reporting country,Italy,2017,11286
Non-EU28 countries (2013-2020) nor reporting country,Italy,2018,11438
Non-EU28 countries (2013-2020) nor reporting country,Italy,2019,12363
Non-EU28 countries (2013-2020) nor reporting country,Italy,2020,13177
Non-EU28 countries (2013-2020) nor reporting country,Italy,2021,12167
Non-EU28 countries (2013-2020) nor reporting country,Italy,2022,13389
Non-EU28 countries (2013-2020) nor reporting country,Lithuania,2015,5321
Non-EU28 countries (2013-2020) nor reporting country,Lithuania,2016,4449
Non-EU28 countries (2013-2020) nor reporting country,Lithuania,2017,4918
Non-EU28 countries (2013-2020) nor reporting country,Lithuania,2018,5109
Non-EU28 countries (2013-2020) nor reporting country,Lithuania,2019,6221
Non-EU28 countries (2013-2020) nor reporting country,Lithuania,2020,8146
Non-EU28 countries (2013-2020) nor reporting country,Lithuania,2021,7892
Non-EU28 countries (2013-2020) nor reporting country,Lithuania,2022,8393
Non-EU28 countries (2013-2020) nor reporting country,Luxembourg,2015,21937
Non-EU28 countries (2013-2020) nor reporting country,Luxembourg,2016,21642
Non-EU28 countries (2013-2020) nor reporting country,Luxembourg,2017,24428
Non-EU28 countries (2013-2020) nor reporting country,Luxembourg,2018,25018
Non-EU28 countries (2013-2020) nor reporting country,Luxembourg,2019,26323
Non-EU28 countries (2013-2020) nor reporting country,Luxembourg,2020,28238
Non-EU28 countries (2013-2020) nor reporting country,Luxembourg,2021,31328
Non-EU28 countries (2013-2020) nor reporting country,Luxembourg,2022,33458
Non-EU28 countries (2013-2020) nor reporting country,Latvia,2015,5190
Non-EU28 countries (2013-2020) nor reporting country,Latvia,2016,5243
Non-EU28 countries (2013-2020) nor reporting country,Latvia,2017,5495
Non-EU28 countries (2013-2020) nor reporting country,Latvia,2018,6024
Non-EU28 countries (2013-2020) nor reporting country,Latvia,2019,6710
Non-EU28 countries (2013-2020) nor reporting country,Latvia,2020,7674
Non-EU28 countries (2013-2020) nor reporting country,Latvia,2021,7400
Non-EU28 countries (2013-2020) nor reporting country,Latvia,2022,8131
Non-EU28 countries (2013-2020) nor reporting country,Montenegro,2015,2876
Non-EU28 countries (2013-2020) nor reporting country,Montenegro,2016,2880
Non-EU28 countries (2013-2020) nor reporting country,Montenegro,2017,3097
Non-EU28 countries (2013-2020) nor reporting country,Montenegro,2018,3120
Non-EU28 countries (2013-2020) nor reporting country,Montenegro,2019,3062
Non-EU28 countries (2013-2020) nor reporting country,Montenegro,2020,3272
Non-EU28 countries (2013-2020) nor reporting country,Montenegro,2021,2857
Non-EU28 countries (2013-2020) nor reporting country,North Macedonia,2015,1793
Non-EU28 countries (2013-2020) nor reporting country,North Macedonia,2016,1563
Non-EU28 countries (2013-2020) nor reporting country,North Macedonia,2017,1419
Non-EU28 countries (2013-2020) nor reporting country,North Macedonia,2018,1386
Non-EU28 countries (2013-2020) nor reporting country,North Macedonia,2019,2137
Non-EU28 countries (2013-2020) nor reporting country,North Macedonia,2020,2384
Non-EU28 countries (2013-2020) nor reporting country,Malta,2015,12271
Non-EU28 countries (2013-2020) nor reporting country,Malta,2016,12510
Non-EU28 countries (2013-2020) nor reporting country,Malta,2017,12706
Non-EU28 countries (2013-2020) nor reporting country,Malta,2018,11761
Non-EU28 countries (2013-2020) nor reporting country,Malta,2019,12264
Non-EU28 countries (2013-2020) nor reporting country,Malta,2020,12697
Non-EU28 countries (2013-2020) nor reporting country,Malta,2021,15423
Non-EU28 countries (2013-2020) nor reporting country,Malta,2022,15016
Non-EU28 countries (2013-2020) nor reporting country,Netherlands,2015,18904
Non-EU28 countries (2013-2020) nor reporting country,Netherlands,2016,14201
Non-EU28 countries (2013-2020) nor reporting country,Netherlands,2017,17492
Non-EU28 countries (2013-2020) nor reporting country,Netherlands,2018,16236
Non-EU28 countries (2013-2020) nor reporting country,Netherlands,2019,16237
Non-EU28 countries (2013-2020) nor reporting country,Netherlands,2020,16534
Non-EU28 countries (2013-2020) nor reporting country,Netherlands,2021,18552
Non-EU28 countries (2013-2020) nor reporting country,Netherlands,2022,21573
Non-EU28 countries (2013-2020) nor reporting country,Norway,2015,32121
Non-EU28 countries (2013-2020) nor reporting country,Norway,2016,25261
Non-EU28 countries (2013-2020) nor reporting country,Norway,2017,27411
Non-EU28 countries (2013-2020) nor reporting country,Norway,2018,28427
Non-EU28 countries (2013-2020) nor reporting country,Norway,2019,28370
Non-EU28 countries (2013-2020) nor reporting country,Norway,2020,29981
Non-EU28 countries (2013-2020) nor reporting country,Poland,2015,4968
Non-EU28 countries (2013-2020) nor reporting country,Poland,2016,4241
Non-EU28 countries (2013-2020) nor reporting country,Poland,2017,6392
Non-EU28 countries (2013-2020) nor reporting country,Poland,2018,7518
Non-EU28 countries (2013-2020) nor reporting country,Poland,2019,8181
Non-EU28 countries (2013-2020) nor reporting country,Poland,2020,9217
Non-EU28 countries (2013-2020) nor reporting country,Poland,2021,9569
Non-EU28 countries (2013-2020) nor reporting country,Poland,2022,10009
Non-EU28 countries (2013-2020) nor reporting country,Portugal,2015,6300
Non-EU28 countries (2013-2020) nor reporting country,Portugal,2016,6504
Non-EU28 countries (2013-2020) nor reporting country,Portugal,2017,7258
Non-EU28 countries (2013-2020) nor reporting country,Portugal,2018,8265
Non-EU28 countries (2013-2020) nor reporting country,Portugal,2019,8698
Non-EU28 countries (2013-2020) nor reporting country,Portugal,2020,9600
Non-EU28 countries (2013-2020) nor reporting country,Portugal,2021,10080
Non-EU28 countries (2013-2020) nor reporting country,Portugal,2022,8908
Non-EU28 countries (2013-2020) nor reporting country,Serbia,2015,2448
Non-EU28 countries (2013-2020) nor reporting country,Serbia,2016,2385
Non-EU28 countries (2013-2020) nor reporting country,Serbia,2017,2388
Non-EU28 countries (2013-2020) nor reporting country,Serbia,2018,2314
Non-EU28 countries (2013-2020) nor reporting country,Serbia,2019,2528
Non-EU28 countries (2013-2020) nor reporting country,Serbia,2020,2602
Non-EU28 countries (2013-2020) nor reporting country,Serbia,2021,5061
Non-EU28 countries (2013-2020) nor reporting country,Sweden,2015,14194
Non-EU28 countries (2013-2020) nor reporting country,Sweden,2016,13608
Non-EU28 countries (2013-2020) nor reporting country,Sweden,2017,14921
Non-EU28 countries (2013-2020) nor reporting country,Sweden,2018,14620
Non-EU28 countries (2013-2020) nor reporting country,Sweden,2019,14108
Non-EU28 countries (2013-2020) nor reporting country,Sweden,2020,15754
Non-EU28 countries (2013-2020) nor reporting country,Sweden,2021,16743
Non-EU28 countries (2013-2020) nor reporting country,Sweden,2022,17904
Non-EU28 countries (2013-2020) nor reporting country,Slovenia,2015,8439
Non-EU28 countries (2013-2020) nor reporting country,Slovenia,2016,8180
Non-EU28 countries (2013-2020) nor reporting country,Slovenia,2017,8786
Non-EU28 countries (2013-2020) nor reporting country,Slovenia,2018,9438
Non-EU28 countries (2013-2020) nor reporting country,Slovenia,2019,10753
Non-EU28 countries (2013-2020) nor reporting country,Slovenia,2020,11154
Non-EU28 countries (2013-2020) nor reporting country,Slovenia,2021,12902
Non-EU28 countries (2013-2020) nor reporting country,Slovenia,2022,12994
Non-EU28 countries (2013-2020) nor reporting country,Türkiye,2015,4567
Non-EU28 countries (2013-2020) nor reporting country,Türkiye,2016,4886
Non-EU28 countries (2013-2020) nor reporting country,Türkiye,2017,4195
Non-EU28 countries (2013-2020) nor reporting country,Türkiye,2018,3980
Non-EU28 countries (2013-2020) nor reporting country,Türkiye,2019,3451
Non-EU28 countries (2013-2020) nor reporting country,Türkiye,2020,3041
Non-EU28 countries (2013-2020) nor reporting country,Türkiye,2021,2548
Non-EU28 countries (2013-2020) nor reporting country,United Kingdom,2015,21079
Non-EU28 countries (2013-2020) nor reporting country,United Kingdom,2016,20842
Non-EU28 countries (2013-2020) nor reporting country,United Kingdom,2017,20934
Non-EU28 countries (2013-2020) nor reporting country,United Kingdom,2018,19947
Non-EU28 countries (2013-2020) nor reporting country,Kosovo*,2018,3347
